term,genes,logFC_TR,source,weight,Direction-50.0%,Activation State-50.0%,Direction-66.0%,Activation State-66.0%,Direction-75.0%,Activation State-75.0%
Arnt,Iqsec2;Mprip;Sertad3;Txndc5;Eif4g3;Ctdsp2;Ctnna1;Carhsp1;Arhgap21;Ucp2;Crispld2;Slc30a1;Dlg5;Apln;Samd14;Gprc5b;Akap2;Kremen1;Stk25;Icam1;Gpx3;Cdc42se1;Fbxo31;Frem2;Prkag2;Psat1;Ddc;Ccnd2;Cnr1;Ece2;Fus;Mgat3;Cmpk2;Vim;A4galt;Mgll;Tle1;Macf1;Arhgef4;Atl2;Insig1;Fos;Dusp4;Myo1c;Ralgds;Efr3b;Irf7;Gnb5;Stim1;Naxd;Cd109;Kif5c;Btbd3;Hey2;Calm3;Mbp;Ntsr2;Ednrb;Socs3;Zbtb16;Angptl4;Rasgrf2;Aldh1l1;Ptprd;Sv2b;Agap3;Ak4;Rnps1;Gfra1;Gng12;Cxcl12;Tspan4;Fam92b;Dhcr7;Smad1;Arhgap5;Dbndd2;Stat3;Ncan;Erp29;Cic;Col23a1;Haghl;Ifrd1;Slc44a1;Usp24;Retreg2;Man2a2;S1pr1;Tuba4a;Reep1;Sgpp1;Maff;Cp,0,IPA;JASPAR-TRANSFAC;Chea,0.127371274,+,0.627659574,=,0,=,0
Asxl1,Kansl3;H2-d1;Myo18a;Ctdsp2;Fads3;Prdx2;Nln;Fth1;Flot1;Slc39a10;Rfx3;Eef1a1;Hinfp;Nudt4;H2-q4;Tm9sf3;Neat1;Rnf7;Trim8;Cuedc2;Psmb8;Calr;Junb;Parp3;S1pr1;Cdc37l1;Kpna3;Mob4;Pigs,3.915706996,Chea,0.039295393,+,0.620689655,=,0,=,0
Atf4,Nf2;Atp5g1;;Chid1;Brd2;Ldha;Lgals3;Icam1;Slc22a17;Cltb;Slc35a2;Cmtm5;Dbp;Rnps1;Map1lc3b;Reep5;Cdo1;Kif5c;Smad1;Prkag2;Phgdh;Nupr1;Psat1;Calm3;Fnbp1l;Ppp1r15a;Stat3;Nit1;Ahcyl1;Tmem86a;Ntsr2;Slc1a4;Wfs1;Tmem147;Slc38a3;Atf4;Dhrs1;Slc13a3;Coq7;Rnf7;Cstf2t;Mamstr;Gsta4;Ifrd1;Lrig1;Lrrc8a;Tnfrsf12a;Osmr;Fkbp5;Mcl1;Mxra7;Snx5;Calr;Cdkn1a;Mvk;Kctd1;Gadd45b;Synpo;Tns2;Irak3;Fos;Cdc37l1;Atoh8;Tspyl2;Metrn;Reep1;Midn;Fam107a;Ppa2;Maff;Fkbp3;Fam129b;Aldh1l1;Gabarapl1,1.411784572,IPA;JASPAR-TRANSFAC;,0.098915989,+,0.547945205,=,0,=,0
Bach1,Nf2;Eef1a2;Tnfaip6;Icam1;Rlbp1;Cacna2d3;Me1;Spp1;Omg;Cdo1;Kif5c;Apod;Fgfr1;Timp3;Prkag2;Cebpd;Cidea;Ampd3;Hey2;Fth1;Ccnd2;Rfx3;Mbp;Sqstm1;Ntsr2;Msx1;Itih5;Mgat3;Rab33b;Hap1;Gdpd2;Myoc;Slc13a3;Crispld2;Ahnak;Amot;Mpz;Gja1;Ednrb;Pgm5;Cavin1;Il13ra1;Olfm1;Osmr;Pmp2;Timp1;Sdc2;Pros1;Abl1;Jam2;Gria1;Junb;Man2a2;Calm1;Tspyl2;Mdk;Tgm2;Gprc5b;Fabp7;Angptl4;Gdf10;Dbi;Steap4;Aldh1l1,0,IPA;Chea,0.086720867,=,0,=,0,=,0
Bcl3,Srr;Ywhae;Them4;Eif3f;Laptm4a;Dbp;Map1lc3b;Cyr61;Spen;Tmem9;Carhsp1;Hjurp;Fth1;Ndufb10;Anxa7;Ergic3;Ndufa13;Fus;Hinfp;Erp29;Ddost;Osgep;Negr1;Mat2a;Gas5;Neat1;Arl5c;Marcks;Hr;Pfkl;Lrrc8a;D8ertd738e;Cherp;Retreg2;Spcs2;Cox5a;Spry2;Dusp4;Rpl41;Tspyl2;Apip;Fkbp3;Ptgr2;Lamc1;Lrrc59;Rph3a,3.016004934,Chea,0.062330623,=,0,=,0,=,0
Brca1,Hspb1;Pltp;Chid1;Brd2;Ifit3;Lgals3;Shisa5;Kank1;Ak4;Sertad3;Ldha;Adamtsl2;Fam92b;Cyr61;Smox;Fgfr1;Vamp1;Tnk2;Lgi3;Nkain4;Ampd3;Sel1l3;Mark3;Hjurp;Dbndd2;Klc3;Ifit2;Ndufa13;Sat1;Flot1;Fam126a;Cnr1;Def8;Usp54;Zc3hav1;Lrtm2;Slc1a4;Tceal3;Snrk;Vim;Ezr;Ip6k1;Stat1;Lgals9;Exd2;Slc5a3;Bcl2l1;Bcl7a;Tle1;Rdh5;Rnf10;Fkbp5;Mcl1;Cdkn1a;Arhgef4;Dlg5;Enpp2;Gadd45b;Triobp;Synpo;Junb;Fads2;Parp3;Insig1;Apln;Tmc7;Myo1c;Reep1;Kpna3;Znfx1;Hrct1;Eci1;Ralgds;Irf7;Slc25a34,0,IPA;JASPAR-TRANSFAC;,0.10298103,+,0.684210526,+,0.684210526,=,0
Calr,Cttn;Calm1;Icam1;Gja1;Col1a1;Cdkn1a,-0.654582416,IPA,0.008130081,=,0,=,0,=,0
Ccnh,Ccnh;Ucp2;Msx1;Cdkn1a,-1.376394405,IPA,0.005420054,=,0,=,0,=,0
Cebpa,Omg;Trim9;Ypel3;Plod2;Nap1l1;Phgdh;Alpl;Ctnna1;Saa3;Rras;Fth1;Fnbp1l;G6pc3;Serpina3m;Col1a1;Paqr7;Tmem86a;Igtp;Usp54;Arhgap21;Slc38a3;Prkag1;Lgals9;Tspan7;Trim8;Mpz;Ahnak;Pla2g7;Eif4g1;Hacd3;Rcn2;Lgals3bp;Lrg1;Cyc1;Cox5a;Gadd45b;Apln;Myl12a;Adi1;Rpl41;Vta1;Usp18;Tspyl1;Kremen1;Sbsn;Stk25;Brd2;Icam1;Echdc3;Them4;Cdc42se1;Vldlr;Golga4;Lcn2;Cd14;Dhrs7;Cebpd;Btbd17;A730017l22rik;Psat1;Hjurp;Ddc;Ccnd2;Tbc1d9b;Plin4;Sbno2;Amt;Lpar1;Zfp869;Hinfp;Ndufa11;Negr1;Fbln5;Hap1;Clcf1;Adam15;Mat2a;Apoh;Vim;Tspan3;Pygb;Gja1;Mgll;Mtmr3;Macf1;Mxra7;Marco;Cdkn1a;Junb;Dctd;Insig1;Fos;Irak3;Myo1c;Kpna3;Rhoj;Steap4;Rph3a;Erf;Lman2l;Camk2n1;Naxd;Tspan33;Dhrs7b;Aplnr;C1ql1;Hey2;Tnfrsf1a;Larp1b;Anapc4;Bst2;Ccp110;Nit1;Ntsr2;Vdac2;Slc1a4;Car14;Plxnd1;Lgals1;Commd10;Igfbp4;Ank;1110051m20rik;Tgm1;Synpo;Ifit1;Gstt3;Dnm1;Socs3;Pnpo;Fabp7;Ctsl;Gpd1;Gabarapl1;Nf2;Thrsp;Eef1a2;Ppard;Tnfaip6;Agap3;Gab2;Erbin;Cxcl12;H2-d1;Spp1;Cyp51;Fam92b;Dhcr7;Fndc5;Aspg;Arl6ip1;Tmem135;Nipsnap2;Ehd3;Sema3g;C1ra;Zc3hav1;Tmem33;Cic;Ptdss1;Atf4;Ramp1;Ggta1;Myoc;Neat1;Polr2m;Gt(rosa)26sor;Tm9sf3;Col23a1;Osmr;Spcs2;Triobp;Pamr1;Gap43;Cd302;Ndufc2;Steap3;Etfb;Synm;B230208h11rik;Emp2,0,IPA;Chea,0.245257453,+,0.524861878,=,0,=,0
Cebpb,4-sep;Egln2;Cdo1;Spen;Bcs1l;Sel1l3;Fth1;Col1a1;Igtp;Arhgap21;Gpr179;Eif1;S100a11;Exd2;Crispld2;Trim8;Ahnak;Mpz;Cyc1;Atp6v1a;Sun2;Oasl2;Tns2;Samd14;Metrn;Tspyl1;Hmgn1;Irgm1;Them4;Ppp1r1a;Laptm4a;Emg1;Fbxo31;Vldlr;Cyr61;Apod;Dhrs7;Rida;Cebpd;Btbd17;Smyd1;Sbno2;Icosl;Mgat3;Fbln5;Rhobtb3;Clec3b;Tmc7;Kpna3;Rtn2;Camk2n1;Me1;Cd109;Tmem140;Reep5;Pcp4l1;Endog;Fjx1;Slc43a3;Anapc4;Rab33b;Lgals1;Igfbp4;Tmem47;Fcgr2b;Zrsr1;Gsta4;Calr;Tmsb4x;Gstt3;Tmem176a;Socs3;Apip;Tgm2;Vamp1;Rasgrf2;Mvp;Agap3;Tnfaip6;Erbin;Gfra1;Gng12;H2-d1;Map7d1;Tmem9;Tmem135;Eps15;Stat3;Ncan;Zc3hav1;Cic;Wfs1;Atf4;Polr3h;Tm9sf3;Irf1;Rtp4;Ifrd1;Osmr;Spcs2;Tuba4a;Asrgl1;Eif3f;Cacna2d3;Map1lc3b;Hadh;Nap1l1;Senp8;Akap13;Shisa9;Nupr1;Saa3;Zyx;Carhsp1;Slc39a14;G6pc3;Prkag1;Arpc1b;Ucp2;Hacd3;Rcn2;Lgals3bp;Lrg1;Fkbp5;Gadd45b;Mt1;Adamts1;Usp18;Cdc42ep1;Rgl1;Slc35b2;Mboat2;Brd2;Echdc3;Cdc42se1;Lcn2;Frem2;Cd14;Prkag2;Asxl1;A730017l22rik;Mark3;Hjurp;Mylk;Irf9;Snrk;Galr3;Kcna1;Pdxdc1;Ndufa11;Clcf1;Ip6k1;Hap1;Tle1;Plekhm2;Junb;Dctd;Amigo2;Endou;Slc25a34;Lgals3;Naxd;Myo18a;Zfp503;Dhrs7b;Gbp2;Btbd3;Slc25a18;Ergic3;Calm3;Tnfrsf1a;Hspb6;Larp1b;Ppp1r15a;Capg;Ntsr2;Slc1a4;Camta1;Tmem147;Car14;Unc13a;Pfkl;Col4a2;Psmb8;Synpo;Midn;Peg13;Pnpo;Angptl4;Ptgr2;Eef1a2;Rhof;Sc5d;Fam92b;Nkain4;Hip1;Eef2k;Ctnna2;Def8;Rarg;Tmem33;Erp29;Hlf;Neat1;Cstf2t;Cuedc2;Col23a1;C4b;Ptp4a2;Prkcd;Triobp;H2-k1;Pamr1;S1pr1;Cd302;Mdk;Farp1;Sirpa;Ttll9;Mprip;Omg;Txndc5;Hdac2;Fgfr1;Phgdh;Ctnna1;Tppp;Vhl;Lcat;Arl5c;Eif4g1;Lrig1;Qdpr;Timp1;Asna1;Apln;Parp3;Vta1;Ndufs7;Tapbp;Akap2;Adcy2;Lamc1;Btbd1;Sbsn;Ifi204;Ifit3;Icam1;Bcl3;Idh2;2900097c17rik;Ablim2;Capn2;Amt;Vim;Dhrs1;Mat2a;A4galt;Rnf7;Tspan3;Mbnl2;Fat3;Bcl2l1;Pygb;Gja1;Mgll;Mtmr3;Pgm5;Mxra7;Pros1;Cdkn1a;Insig1;Atl2;Hhatl;Irak3;Ppp1r3g;Dusp4;Entpd6;Myo1c;Hrct1;Steap4;Stim1;Lman2l;Kcnc3;Taldo1;Aplnr;Tinagl1;Ccnh;1700025g04rik;Enoph1;Nit1;Fbxo2;Plxnd1;Paqr8;Ank;Agpat5;Tgm1;Lmf1;Mlh3;Cadm3;Tmem205;Dnm1;Hdac7;Ctsl;Gpd1;Bag1;Dbi;Aldh1l1;Ptprd;Gabarapl1;Thrsp;Nf2;Snapc2;Hspb1;Sncb;Chid1;Itm2c;Fam241a;Shisa5;Tead3;Tecr;Dhcr7;Timp3;Aspg;Ehd3;Ifitm3;Dbndd2;Ergic1;Sat1;Lrp1;Ggta1;Myoc;Slc5a3;Gt(rosa)26sor;Vgll3;Haghl;Slc44a1;Bgn;Rpl4;Sgpp1;D3ertd751e;Ppa2;Kctd10;Ndst1;Sertad3;Ywhae;Astn1;Adora1;Cmtm5;Tmem176b;Trim9;Alpl;Slc25a5;Rras;Lxn;Fnbp1l;Nfkbiz;Rfx3;Slc39a10;Paqr7;Tmem86a;Slc38a3;Col16a1;Msn;Lgals9;Olfml3;Rsad2;Flnc;Sgce;Rpl41;Gprc5b;Fam129b;Amotl2;Tst;Stk25;Pltp;Kank1;P4ha1;Ldha;Slc22a17;Glipr2;1110008p14rik;Chchd3;Ddc;Ccnd2;Plin4;Tbc1d9b;Tmco1;Ahcyl1;Zfp869;Qk;Agpat1;Pnpla2;Mcl1;Abl1;Fos;Rhoj;Ralgds;Pigs;Rph3a;Fnta;Coro1c;Chst2;Myo6;2210016f16rik;Eif2ak2;Eef1a1;Tom1;9-sep;Osgep;Map3k6;Stat1;Ntm;Cavin1;Zfp703;Jam2;1110051m20rik;Rpsa;Fabp7;Gdf10;Susd4;Mobp;Ppard;Ak4;Gab2;Mfhas1;Tmem9b;Sorbs1;Cxcl12;Adamtsl2;Spp1;Cyp51;Ctxn1;Smox;Tnk2;Nipsnap2;Ccdc190;C1ra;Sema3g;Sqstm1;Lrtm2;Ramp1;Iigp1;1700086o06rik;Pmp2;Aqp4;Slc39a1;Spry2;Man2a2;Gap43;Tspyl2;Chpt1;Fyco1;Cp;Emp2,0,IPA;JASPAR-TRANSFAC;Chea,0.616531165,+,0.573626374,=,0,=,0
Cebpd,Cttn;Tmem176b;Txndc5;Cdo1;Mtx1;Hdac2;Spen;Ctdsp2;Fgfr1;Akap13;Slc25a5;Zyx;Rras;Fth1;Slc39a14;Fnbp1l;Rfx3;Cd34;Arhgap21;Tnr;S100a6;Arpc1b;Exd2;Trim8;Marcks;Mpz;Pla2g7;Eif4g1;Lrig1;Lrrc8a;Rcn2;Fkbp5;Atp6v1a;Dlg5;Sgce;Gadd45b;Asna1;Tns2;Adamts1;Rgl1;Lamc1;Tst;Ifi204;Pltp;Kank1;Ifit3;Brd2;Echdc3;Emg1;Vldlr;Txndc16;Tmx2;Cyr61;Frem2;Dhrs7;Prkag2;Hjurp;Chchd3;Mylk;Ccnd2;Tbc1d9b;Fus;Capn2;Mgat3;Vim;Fbln5;Mat2a;Negr1;Hap1;Qk;Scd1;Mbnl2;Agpat1;Bcl2l1;Mapk3;Wls;Tpi1;Sdc2;Pnpla2;Pros1;Abl1;Etl4;Cdkn1a;Enpp2;Insig1;Atl2;Irak3;Dusp4;Tmc7;Kpna3;Sfxn1;Gnb5;Rph3a;Fnta;Atp5g1;Iqsec1;Mia2;Sfxn5;Zfp503;Gbp2;Slc43a3;Fkbp9;Btbd3;Tinagl1;Ampd3;Slc14a2;Larp1b;Nit1;Capg;Vdac2;Lgals1;Ntm;Ank;Xaf1;Zfp703;Cops6;Psmb8;Tmed2;Cdc37l1;Mtch1;Atoh8;Col5a3;Socs3;Zbtb16;Apip;Tgm2;Znfx1;Pnpo;Ptn;Fabp7;Ctsl;Gpd1;Tpt1;Ptgr2;Nf2;Ppard;Tnfaip6;Chid1;Rhof;Mfhas1;Srr;Eif3f;Sorbs1;Gfra1;Cxcl12;Spp1;Tspan4;Timp3;Arl6ip1;Tmem135;Ergic1;Sat1;Fam126a;Stat3;Reep3;Hlf;Ggta1;Gas5;Neat1;Gt(rosa)26sor;Cuedc2;Vgll3;Paqr6;Usp24;Osmr;Ptp4a2;Triobp;Spry2;Tuba4a;Gap43;Reep1;Sgpp1;Adcyap1r1;Cp;Fam107a,3.650053038,Chea;JASPAR-TRANSFAC,0.237127371,+,0.554285714,=,0,=,0
Clock,Rbm3;Ak4;Itm2c;Srr;Tspan6;Icam1;Dbp;Cxcl12;Tspan4;Ypel3;Mapk4;Timp3;Nap1l1;Nadk2;Prdx2;Slc25a5;Cnih1;Mark3;Eef2k;Carhsp1;Ndufb10;Mylk;Sult1a1;Stat3;Fus;Tmem86a;Ntsr2;Snrk;Tmem33;Atf4;Efhd1;Hlf;Map3k6;Igfbp4;Eif1;Marcks;Pla2g7;Gja1;Sdc2;Rcn2;Aqp4;Col4a2;Fkbp5;Mcl1;Snx5;Cdkn1a;Rsad2;Calr;Gadd45b;Junb;Kctd1;Tns2;Fos;Col5a3;Midn;Tgm2;Fabp7;Angptl4;Fam107a,0,IPA;Chea,0.079945799,+,0.542372881,=,0,=,0
Creb1,Rbm3;4-sep;Egln2;Ptprn;Spen;Bcs1l;Fth1;Col1a1;Usp54;Igtp;Arhgap21;Gpr179;Eif1;S100a11;Slc13a3;Exd2;Trim8;Ahnak;Slc30a1;Cherp;Atp6v1a;Tns2;Myl12a;Samd14;Tspyl1;Hmgn1;Laptm4a;Emg1;Fbxo31;Cyr61;Rida;Cebpd;Psmb10;Cnr1;Scd1;Mvk;Gria1;Clec3b;Kpna3;Smg5;Padi2;Camk2n1;Mafk;Smo;Hey2;Anapc4;Vdac2;Rab33b;Lgals1;Gsta4;Calr;Ndufv2;Socs3;Vamp1;Rasgrf2;Agap3;Gfra1;Gng12;H2-d1;Mrpl41;Map7d1;Tmem9;Tmem135;Eps15;Stat3;Cic;Wfs1;Atf4;Dner;Tm9sf3;Irf1;Ifrd1;Spcs2;Tuba4a;Maff;Fkbp3;Wnk2;Map1lc3b;Hadh;Senp8;Akap13;Nupr1;Zyx;Slc39a14;Nfasc;Ezr;Prkag1;Arpc1b;Lrrc8a;Rcn2;Lgals3bp;Fkbp5;Gadd45b;Mt1;Adamts1;Cdc42ep1;Lrrc59;Mboat2;Brd2;Golga4;Lcn2;Prkag2;Asxl1;Mark3;Psat1;Hjurp;Ndufa13;Mog;Hinfp;Galr3;Cmpk2;Negr1;Clcf1;Ip6k1;Hap1;Coq7;Olfm1;Tle1;Junb;Psd2;Cnn3;Iqsec1;Naxd;Zfp503;Myo18a;Kif5c;Dhrs7b;Btbd3;Calm3;Larp1b;Tnfrsf1a;Ppp1r15a;Capg;Slc1a4;Camta1;Tmem147;Commd10;Unc13a;Rnf10;Psmb8;Tmed2;Kctd1;Cdc37l1;Midn;Znfx1;Pnpo;Angptl4;Eef1a2;Rhof;Rnps1;Brinp2;Hip1;Ctnna2;Cyp2d22;Def8;Erp29;Tmem33;Hlf;Gse1;Neat1;Cstf2t;Cuedc2;Col23a1;Ptp4a2;H2-k1;Triobp;Prkcd;Pamr1;Cd302;Ndufc2;Tspan33;Ttll9;Mprip;Omg;Txndc5;Mtx1;Ctdsp2;Phgdh;Bc005537;Marcks;Bcl7a;Lrig1;Qdpr;Tnfrsf12a;Ndufs7;Tapbp;Akap2;Kremen1;Lamc1;Slc35a2;Icam1;Gpx3;Bcl3;Txndc16;Ablim2;Gnai2;Capn2;Amt;Nr1h2;Tspan31;Vim;Mat2a;Dhrs1;Rnf7;Mbnl2;Bcl2l1;Mgll;Mxra7;Capn5;Nrep;Cdkn1a;Marco;Pros1;Insig1;Atl2;Dusp4;Entpd6;Myo1c;Sfxn1;Gnb5;Atp5g1;Lman2l;8-mar;Sfxn5;Kcnc3;Tinagl1;Ccnh;Enoph1;Mbp;Nit1;Fbxo2;E2f5;Tgm1;9530068e07rik;Lmf1;Cadm3;Tmem205;Mtch1;Calm1;Zbtb16;Hdac7;Tpt1;Ctsl;Gabarapl1;Nf2;Thrsp;Snapc2;Chid1;Itm2c;Tead3;Tecr;Timp3;Dbndd2;Ergic1;Sat1;Lrp1;Ggta1;Arid5a;Haghl;H2-t23;Fads2;D3ertd751e;Etfb;Synm;Fam107a;Cttn;Sertad3;Ywhae;Astn1;Cmtm5;Sbds;Trim9;Fads3;Alpl;Slc25a5;Plce1;Fnbp1l;Nfkbiz;Rfx3;Tmem86a;Col16a1;Ddost;Lgals9;Mamstr;Tpm3;Rsad2;Cox5a;Rpl41;Sycp3;Gprc5b;Fam129b;Amotl2;Stk25;Kank1;Ldha;Slc22a17;Cltb;Tmx2;Chchd3;Ddc;Tbc1d9b;Ccnd2;Tmco1;Ahcyl1;Zfp869;Ppp1r9b;Agpat1;Pnpla2;Mcl1;Abl1;Fos;Rhoj;Ralgds;Irf7;Pigs;Fnta;Erf;Coro1c;Chst2;Myo6;Ifi27;Eef1a1;Tom1;Ifi47;Map3k6;Stat1;Ntm;Zfp703;Jam2;Rnf126;Arl6ip4;Rpsa;Fmc1;Ppard;Ak4;Slc6a8;Tmem9b;Dbp;Cxcl12;Cyp51;Ctxn1;Tspan4;Smad1;Smox;Sdhc;Tnk2;Pick1;Sqstm1;Lrtm2;Tmem59;Stard7;Ramp1;Aqp4;Fuz;Slc39a1;Spry2;Man2a2;Gap43;Tspyl2;Fyco1,0,IPA;JASPAR-TRANSFAC;Chea,0.487804878,+,0.580555556,=,0,=,0
Ctnnb1,Lsr;Sertad3;Map1lc3b;Spen;Ypel3;Fgfr1;Akap13;Ctnna1;Saa3;Slc39a14;Col1a1;Cd34;Nfasc;Msx1;Crispld2;Trim8;Marcks;Mpz;Lrig1;Fkbp5;Timp1;Dlg5;Gadd45b;Gjb2;Amotl2;Clip3;Kank1;Emg1;Golga4;Txndc16;Tmx2;Cyr61;Apod;Btbd17;Ablim2;Mark3;Mylk;Ccnd2;Ndufa13;Cnr1;Sbno2;Ece2;Capn2;Amt;Nudt4;Mgat3;Vim;Ppp1r9b;Fat3;Mbnl2;Bcl2l1;Gja1;Sdc2;Macf1;Mcl1;Cdkn1a;Enpp2;Fos;Myo1c;Steap4;Coro1c;Lgals3;Me1;Tmem140;Myo18a;Ifi27;Tnfrsf1a;Mbp;Camta1;Map3k6;Tmem47;Xaf1;Gsta4;Jam2;Col4a2;Tgm1;Cadm3;Atoh8;Rasl10b;Apip;Tgm2;Bag1;Ptgr2;Sox2;Gabarapl1;Ppard;Mfhas1;Sorbs1;Cxcl12;Spp1;Timp3;Eps15;Ifitm3;Ctnna2;Fam126a;Stat3;Flot1;Sqstm1;Lrp1;Rarg;Erp29;Cic;Stard7;Myoc;Bgn;Aqp4;Ptp4a2;Gap43;Reep1;Steap3;Etfb;Synm,0,IPA;Chea,0.151761518,+,0.6875,+,0.6875,=,0
Ebf1,Astn1;Adora1;Ptprn;Eif4g3;Bcs1l;Fnbp1l;Slc39a10;Col1a1;Cd34;Nfasc;Arhgap21;Tnr;Mpz;Slc30a1;Lrrc8a;Fam129b;Rgl1;Lamc1;Stk25;Ifi204;Echdc3;Cyr61;Frem2;Prkag2;Asxl1;Hjurp;Tmco1;Capn2;Itih5;Kcna1;Vim;Negr1;Olfm1;Pygb;Wls;Bcl2l1;Marco;Abl1;Arhgef4;Etl4;Ralgds;Irf7;Cnn3;Lman2l;Camk2n1;Kif5c;Pcp4l1;Endog;Fjx1;Aplnr;Btbd3;Cxcl10;1700025g04rik;Anapc4;Paqr8;Efhd1;Stat1;Fcgr2b;1110051m20rik;Cadm3;Dnm1;Socs3;Apip;Lao1;Dbi;Rasgrf2;Susd4;Tnfaip6;Itm2c;Fam241a;Cxcl12;Adamtsl2;Smox;Sdhc;Tmem9;Ccdc190;Ramp1;Dner;Ggta1;Myoc;Gas5;Irf1;Arid5a;Pmp2;Retreg2;Pamr1;Sccpdh;S1pr1;Tuba4a;Cd302;Steap3;Sirpa,0,IPA;Chea,0.124661247,+,0.565217391,=,0,=,0
Egr1,Iqsec2;Ttll9;Wnk2;Cttn;Lsr;Sertad3;Astn1;Adora1;Egln2;Cacna2d3;Map1lc3b;Txndc5;Hadh;Ypel3;Ctdsp2;Hdac2;Fgfr1;Prrc2b;Nap1l1;Fads3;Phgdh;Alpl;Shisa9;Ctnna1;Senp8;Slc25a5;Thrsp;Zyx;Rras;Ifit3b;Anxa7;Slc39a14;Tppp;Cldn10;Fnbp1l;Klc3;Rfx3;Serpina3m;Col1a1;Tsc22d4;Paqr7;Lcat;Igtp;Arhgap21;Slc38a3;Eif1;Arpc1b;Lgals9;Crispld2;Trim8;Ahnak;Eif4g1;Bcl7a;Slc30a1;Hacd3;Olfml3;Tnfrsf12a;Fkbp5;Timp1;Sun2;Flnc;Cox5a;Gadd45b;Asna1;Tns2;Dlg5;Samd14;Vta1;Metrn;Gprc5b;Tspyl1;Cdc42ep1;Adcy2;Akap2;Hmgn1;Tapbp;Lamc1;Kremen1;Sbsn;Btbd1;Stk25;Slc35b2;Mboat2;Brd2;Ifit3;Icam1;Echdc3;Fbxo31;Bcl3;Txndc16;Lcn2;Cyr61;Prkag2;Prdx2;1110008p14rik;Frmpd1;Psmb10;Ablim2;Mark3;Gnai2;Chchd3;Ddc;Ccnd2;Tbc1d9b;Sbno2;Fus;Ahcyl1;Icosl;Nudt4;Sqle;Galr3;Kcna1;Mgat3;Nr1h2;Snrk;Tspan31;Adam15;Clcf1;Qk;A4galt;Ppp1r9b;Scd1;Kif5a;Mapk3;Olfm1;Bcl2l1;Tle1;Pnpla2;Mgll;Mtmr3;Macf1;Sdc2;Hr;Marco;Capn5;Abl1;Cdkn1a;Arhgef4;Gria1;Junb;Insig1;Atl2;Clec3b;Gbp3;Irak3;Dusp4;Entpd6;Myo1c;Psd2;Kpna3;Foxp4;Ralgds;Slc22a4;Irf7;Gnb5;Stim1;Steap4;Slc25a34;Rtn2;Erf;Fnta;Iqsec1;Atp5g1;Coro1c;Padi2;Mia2;Camk2n1;Mafk;Me1;Cd109;Sfxn5;Reep5;Myo18a;Kif5c;Kcnc3;Taldo1;Smo;Myo6;Fjx1;Gbp2;Btbd3;Tinagl1;C1ql1;Ampd3;Ephx2;Slc25a18;Ergic3;Slc14a2;Tnfrsf1a;Eef1a1;Mbp;Tom1;Capg;E2f5;Slc1a4;Camta1;Plxnd1;Commd10;Unc13a;Rab33b;Lgals1;Osgep;Map3k6;Stat1;Efhd1;Cavin1;Pfkl;Jam2;Ppp1r1b;Calr;Ndufv2;Kctd1;Synpo;Rnf126;Arl6ip4;Pmm1;Mtch1;Rasl10b;Calm1;Col5a3;Dnm1;Midn;Socs3;Zbtb16;Znfx1;Tgm2;Angptl4;Tpt1;Gdf10;Ctsl;Rasgrf2;Ptprd;Gabarapl1;Susd4;Snapc2;Eef1a2;Agap3;Ppard;Hspb1;Fam241a;Sncb;Chid1;Rnps1;Gab2;Tnfaip6;Tmem9b;Erbin;Tead3;Dbp;Gng12;Adamtsl2;Spp1;Cxcl12;Ctxn1;Tspan4;Fam92b;Dhcr7;Fndc5;Tnk2;Tmem9;Lgi3;Tshz1;Hip1;Eps15;Dbndd2;Serping1;Ergic1;C1ra;Stat3;Flot1;Reep3;Zc3hav1;Fez1;Erp29;Rarg;Lrp1;Cic;Stard7;Fxyd6;Ptdss1;Wfs1;Atf4;Oasl1;Hlf;Myoc;Gse1;Irf1;Slc5a3;Cstf2t;Cuedc2;Col23a1;Haghl;Ifrd1;Bgn;Osmr;Fuz;Slc39a1;H2-t23;Ptp4a2;Spcs2;C4b;Prkcd;Triobp;Sccpdh;Man2a2;Fads2;Spry2;Cd302;Reep1;Mdk;Ppa2;Maff;Steap3;Adcyap1r1;Sirpa;Asrgl1;Fyco1;Etfb;Tspan33,0,IPA;JASPAR-TRANSFAC;Chea,0.432249322,+,0.605015674,=,0,=,0
Elk1,Rbm3;4-sep;Lsr;Sertad3;Tspan6;Adora1;Rlbp1;Map1lc3b;Mtx1;Mapk4;Plod2;Fgfr1;Phgdh;Alpl;Nupr1;Plce1;Carhsp1;Rras;G6pc3;Col1a1;Msx1;Arhgap21;Tnr;Slc38a3;Col16a1;Msn;Ddost;Prkag1;Trim8;Ahnak;Bcl7a;Tpm3;Atp6v1a;Gadd45b;Samd14;Parp3;Rpl41;Vta1;Usp18;Tspyl1;Nrip3;Tst;Gpm6a;P4ha1;Kank1;Ifit3;Ldha;Brd2;Icam1;Pltp;Emg1;Frem2;Cyr61;Dhrs7;1110008p14rik;Asxl1;Mark3;Gnai2;Mylk;Tmco1;Ndufa13;Irf9;Capn2;Zfp869;Nr1h2;Hap1;Dhrs1;Ppp1r9b;Rnf7;Tspan3;Agpat1;Bcl2l1;Olfm1;Pygb;Hr;Macf1;Mcl1;Cdkn1a;Junb;Insig1;Enpp2;Fos;Slc7a10;Fam120c;Amigo2;Foxp4;Sfxn1;Gnb5;Pigs;Rtn2;Cnn3;Coro1c;Padi2;Mia2;Naxd;8-mar;Sfxn5;Dhrs7b;Smo;Tinagl1;Ampd3;Slc25a18;2210016f16rik;Cxcl10;Ergic3;Ccnh;Larp1b;Anapc4;Eif2ak2;Fbxo2;Paqr8;Osgep;Map3k6;Xaf1;Jam2;1110051m20rik;Drp2;Cops6;Agpat5;Col4a2;Rnf126;Arl6ip4;Pmm1;Atoh8;Rasl10b;Calm1;Rpsa;Dnm1;Fmc1;Zbtb16;Apip;Tgm2;Pnpo;Ptn;Dbi;Sv2b;Tnfaip6;Sncb;Slc6a8;Erbin;Gfra1;Dbp;Tead3;Spp1;Tspan4;Tecr;Smox;Tnk2;Hip1;Ctnna2;Pick1;Flot1;Ncan;Lrp1;Def8;Myoc;Tm9sf3;Arid5a;Col23a1;Vgll3;Ifrd1;C4b;Pamr1;Rpl4;Steap3;Cp;Kctd10,0,IPA;JASPAR-TRANSFAC;Chea,0.226287263,+,0.550898204,=,0,=,0
Ep300,Ndst1;Ywhae;Map1lc3b;Spen;Ctdsp2;Fgfr1;Fads3;Nln;Ctnna1;Nupr1;Carhsp1;Fth1;Klc3;Nfkbiz;Rfx3;Slc39a10;Col1a1;Tsc22d4;Rcan2;Nfasc;Msx1;Arhgap21;Crispld2;Trim8;Ahnak;Pla2g7;Lrig1;Olfml3;Lgals3bp;Rsad2;Dlg5;Gadd45b;Adi1;Samd14;Vta1;Metrn;Usp18;Ndufs7;Rgl1;Amotl2;Akap2;Btbd1;Brd2;Laptm4a;Vldlr;Glipr2;Idh2;Cyr61;Prkag2;1110008p14rik;Asxl1;Gnai2;Ddc;Ccnd2;Sbno2;Galr3;Pdxdc1;Tspan31;Vim;Qk;Ppp1r9b;A4galt;Mbnl2;Bcl2l1;Mcl1;Capn5;Cdkn1a;Etl4;Gria1;Insig1;Fos;Dusp4;Rhoj;Erf;Cnn3;Lgals3;Camk2n1;Mafk;Zfp503;Reep5;Kcnc3;4930402h24rik;Tinagl1;Ampd3;1700025g04rik;Eef1a1;Capg;Camta1;Plxnd1;Paqr8;Unc13a;Tmem47;Cavin1;Col4a2;Rnf10;Snx5;Kctd1;Mlh3;Pmm1;Dnm1;Fmc1;Socs3;Midn;Tgm2;Znfx1;Ptn;Lao1;Sox2;Rhof;Mfhas1;Gab2;Sorbs1;Gfra1;Cxcl12;Gng12;Cyp51;Tspan4;Smox;Timp3;Tnk2;Tshz1;Eef2k;Flot1;Sqstm1;Reep3;Rarg;Cic;Wfs1;Tm9sf3;Gse1;Arid5a;Rtp4;Rdh5;Prkcd;Spry2;Fads2;Chpt1;Ndufc2;Adcyap1r1;Fyco1;Cp;Tspan33,0,IPA;Chea,0.192411924,+,0.725352113,+,0.725352113,=,0
Ets2,Ifit3;Brd2;Icam1;Mia2;Adora1;Ppp1r1a;Spp1;Hmgn1;Trim9;Nap1l1;Akap13;Ifi27;Nipsnap2;Carhsp1;Hjurp;Ergic1;Cd34;Usp54;Arhgap21;Lrtm2;Slc1a4;Dhrs1;Lgals9;Apoh;Kif5a;Cuedc2;Bcl2l1;Agpat1;Fcgr2b;Il13ra1;Slc44a1;Macf1;Usp24;Cops6;Cdkn1a;Junb;Kctd1;Tmsb4x;Fos;Irak3;Tspyl2;Adamts1;Hdac7;Ndufc2;Steap3;Asrgl1;Sirpa;Angptl4;Akap2;Ptn;Dbi;Efr3b;Fabp7;Btbd1;Rgl1;Sox2,0,IPA;JASPAR-TRANSFAC;,0.077235772,+,0.684210526,+,0.684210526,=,0
Fev,Tns2;Vim;Irak3;Fos;Brd2;Icam1;Zyx;Myo1c;Cmtm5;Ddc;Pygb;Maff;Fbxo31;Jam2;Qdpr;Flot1;Lpar1;Kctd10,0,IPA;JASPAR-TRANSFAC;,0.024390244,+,0.722222222,+,0.722222222,=,0
Fos,Rbm3;Adora1;Ptprn;Trim9;Akap13;Bcs1l;Ctnna1;Alpl;Rdh12;Plce1;Zyx;Fth1;Anapc16;Nfkbiz;Col1a1;Cd34;Slc38a3;Col16a1;Ezr;Gpr179;S100a11;Pla2g7;Tpm3;Lgals3bp;Timp1;Cyc1;Sun2;Flnc;Apln;Ndufs7;Rgl1;Akap2;Lamc1;Stk25;Kank1;Ldha;Icam1;Laptm4a;Bcl3;Cd14;Tbc1d9b;Cnr1;Capn2;Snrk;Sqle;Vim;A4galt;Gja1;Pgm5;Macf1;Etl4;Junb;Hhatl;Fos;Psd2;Amigo2;Rhoj;Ralgds;Slc22a4;Endou;Sfxn1;Gnb5;Stim1;Atp5g1;Lman2l;Lgals3;Mafk;8-mar;Me1;Cd109;Gbp2;Taldo1;Myo6;Ephx2;Cxcl10;Calm3;Larp1b;Nit1;Capg;9-sep;Vdac2;Ifi47;Xaf1;Txndc15;Zfp703;Gsta4;Cops6;Tgm1;Snx5;Synpo;Cdc37l1;Socs3;Hdac7;Apip;Eci1;Lao1;Ptprd;Gabarapl1;Sorbs1;Gng12;Spp1;Smox;Tmem135;Dbndd2;C1ra;Reep3;Sqstm1;Zc3hav1;Rarg;Cic;Gbp5;Gas5;Cuedc2;Pmp2;Ifrd1;Bmpr1a;Ptp4a2;H2-k1;Sirpa;Etfb;Tagln3;Synm;Fam107a,1.610334788,IPA;JASPAR-TRANSFAC;,0.166666667,+,0.642276423,=,0,=,0
Foxo1,Iqsec2;Cttn;Map1lc3b;Omg;Kctd10;Phgdh;Zyx;Slc39a14;Bc005537;Nfkbiz;Slc39a10;Col1a1;Cd34;Paqr7;Arhgap21;Msn;S100a6;Ezr;S100a11;Lgals9;Ucp2;Eif1;Arl5c;Trim8;Ahnak;Marcks;Lrig1;Tpm3;Lgals3bp;Atp6v1a;Gadd45b;Oasl2;Apln;Samd14;Fam129b;Akap2;Kremen1;Stk25;Brd2;Icam1;Emg1;Txndc16;Ablim2;Gnai2;Nsg2;Ndufa13;Cnr1;Sqle;Clcf1;Mat2a;Ppp1r9b;Tpi1;Pnpla2;Il13ra1;Mgll;Mcl1;Cdkn1a;Junb;Atl2;Fos;Ppp1r3g;Dusp4;Entpd6;Psd2;Foxp4;Ralgds;Stim1;Mafk;Me1;Myo18a;Tmem140;Pcp4l1;Cxcl10;Mbp;Zbtb42;Capg;Ntsr2;Paqr8;Rab33b;Efhd1;Stat1;Ednrb;Col4a2;Psmb8;Tmsb4x;Atoh8;Calm1;Socs3;Hdac7;Midn;Tgm2;Znfx1;Scg5;Zbtb16;Angptl4;Gpd1;Bag1;Tpt1;Aldh1l1;Sox2;Gabarapl1;Hspb1;Fam241a;Rhof;Mfhas1;Sc5d;H2-d1;Tecr;Dhcr7;Smox;Arhgap5;Tnk2;Aspg;Cidea;Ehd3;Flot1;Sat1;Sqstm1;Lrp1;Rarg;Cic;Wfs1;Ramp1;Dner;Gbp5;Gse1;Irf1;Arid5a;Cuedc2;Cers5;Ifrd1;Bgn;Retreg2;Prkcd;Spry2;S1pr1;Fads2;Synm,0,IPA;Chea,0.18699187,+,0.68115942,+,0.68115942,=,0
Foxo3,Lgalsl;Egln2;Mtx1;Hdac2;Ctdsp2;Ctnna1;Nupr1;Lxn;Fnbp1l;Igtp;H2-q4;Ucp2;Ahnak;Mpz;Cherp;Dlg5;Gadd45b;Apln;Mt1;Adi1;Vta1;Ndufs7;Fam129b;Akap2;Lamc1;Kremen1;Sbsn;Slc35b2;Brd2;Icam1;Them4;Cltb;Emg1;Idh2;Lcn2;Cyr61;A730017l22rik;Hjurp;Ccnd2;Tbc1d9b;Tmco1;Fus;Capn2;Hinfp;Cmpk2;Vim;Mat2a;Ip6k1;Rnf7;Bcl2l1;Mgll;Pros1;Gpx1;Cdkn1a;Clec3b;Junb;Enpp2;Fos;Slc7a10;Amigo2;Foxp4;Ralgds;Kansl3;Epb41l4aos;Naxd;Me1;Tmem140;4930402h24rik;Myo6;Tinagl1;Ampd3;2210016f16rik;Cxcl10;Calm3;Tnfrsf1a;Larp1b;1700025g04rik;Anapc4;Eef1a1;Vdac2;Slc1a4;Tmem147;Rab33b;Igfbp4;Txndc15;Ednrb;Pfkl;1110051m20rik;Col4a2;Psmb8;Ndufv2;Mlh3;Ifit1;Cdc37l1;Fmc1;Hdac7;Apip;Mob4;Eci1;Tpt1;Vamp1;Ptgr2;Gabarapl1;Snapc2;Agap3;Hspb1;Shisa5;Tmem9b;H2-d1;Tspan4;Dhcr7;Sdhc;Smox;Cidea;Hip1;Dbndd2;Flot1;Reep3;Tmem59;Gt(rosa)26sor;Irf1;Cstf2t;Cers5;D8ertd738e;Usp24;Aqp4;Fuz;Spcs2;Prkcd;Sccpdh;S1pr1;Maff;Ppa2;Fkbp3,0,IPA;JASPAR-TRANSFAC;Chea,0.181571816,+,0.559701493,=,0,=,0
Fus,Atl2;Spry2;Tmem135;Brd2;Mat2a;Apip;Gng12;Cyr61;Gja1;Fam126a;Usp24;Eef1a1;Hmgn1;Hdac2;Eif4g3,0.812904016,Chea,0.020325203,+,0.533333333,=,0,=,0
Gata6,Cttn;Astn1;Adora1;Cacna2d3;Mtx1;Ypel3;Spen;Eif4g3;Nap1l1;Nln;Phgdh;Alpl;Nupr1;Saa3;Rdh12;Fth1;Slc39a14;Fnbp1l;Cd34;Paqr7;Nfasc;Arhgap21;Tnr;Ddost;Col16a1;S100a6;S100a11;Eif1;Ucp2;Marcks;Ahnak;Mpz;Slc30a1;Hacd3;Lrig1;Olfml3;Tpm3;Cox5a;Asna1;Myl12a;Lamc1;Stk25;Pltp;Kank1;Ldha;Them4;Echdc3;Laptm4a;Txndc16;Frem2;Cyr61;Dhrs7;Psmb10;Hjurp;Mylk;Tmco1;Irf9;Capn2;Ahcyl1;Snrk;Mgat3;Itih5;Vim;Adam15;Dhrs1;Negr1;Mapk3;Bcl2l1;Wls;Tle1;Macf1;Plekhm2;Marco;Mcl1;Gbp3;Cdkn1a;Junb;Fos;Dusp4;Amigo2;Slc25a34;Smg5;Cnn3;Coro1c;Padi2;Lgals3;Camk2n1;Pcp4l1;Gbp2;Myo6;Btbd3;Tinagl1;Calm3;Ppp1r15a;Eef1a1;Nit1;Fbxo2;Vdac2;Camta1;Map3k6;Fcgr2b;Col4a2;Kctd1;Cadm3;Calm1;Apip;Znfx1;Sox2;Thrsp;Nf2;Mvp;Gabarapl1;Susd4;Rhof;Mfhas1;Sorbs1;Gng12;Cxcl12;Pllp;Tecr;Sdhc;Arhgap5;Fndc5;Map7d1;Tmem9;Tmem135;Tshz1;Eps15;Stat3;Sqstm1;Reep3;Rarg;Erp29;Tmem59;Gbp5;Myoc;Neat1;Cstf2t;Paqr6;Rdh5;Bmpr1a;Usp24;C4b;Ptp4a2;Prkcd;Sccpdh;S1pr1;Chpt1;Mdk;Ndufc2,0,IPA;Chea,0.203252033,+,0.593333333,=,0,=,0
Gfi1,Nf2;Atp5g1;;Hspb1;Pltp;Icam1;Ywhae;Cltb;Bcl3;Fbxo31;Spen;Eif4g3;Fgfr1;Cd14;Bcs1l;Nupr1;Ampd3;Rdh12;Carhsp1;Sult1a1;Tnfrsf1a;Klc3;Ppp1r15a;Eif2ak2;G6pc3;Fbxo2;Ncan;Lpar1;E2f5;Amt;Capg;Galr3;Mgat3;Nr1h2;Hap1;Igfbp4;Stat1;A4galt;Irf1;Mapk3;Eif4g1;Txndc15;Gja1;Vgll3;Mtmr3;Lrrc8a;Pnpla2;Fkbp5;Pros1;Ptp4a2;Cdkn1a;Cox5a;Asna1;Tuba4a;Rpl41;Pmm1;Tmc7;Midn;Sycp3;Kpna3;Endou;Ralgds;Fam107a,0,IPA;JASPAR-TRANSFAC;,0.08401084,+,0.64516129,=,0,=,0
Hif1a,Map1lc3b;Ptprn;Plod2;Prrc2b;Akap13;Rdh12;Carhsp1;Cldn10;Tsc22d4;Gpr179;Eif1;Exd2;Eif4g1;Ahnak;Mamstr;Lrrc8a;Fkbp5;Cox5a;Gadd45b;Apln;Adamts1;Ndufs7;Akap2;P4ha1;Kank1;Pltp;Ldha;Emg1;Idh2;Cyr61;Psmb10;Gnai2;Hinfp;Mgat3;Vim;Adam15;Bcl2l1;Gja1;Tle1;Mtmr3;Mcl1;Cdkn1a;Fos;Endou;Irf7;Efr3b;Gnb5;Atp5g1;Coro1c;Mafk;Aplnr;Enoph1;9-sep;Lgals1;Efhd1;Ednrb;Pfkl;Agpat5;Tmed2;Rnf126;Ifit1;Rpsa;Socs3;Midn;Pnpo;Angptl4;Nf2;Snapc2;Hspb1;Shisa5;Tmem9b;Cxcl12;Pllp;Dhcr7;Serping1;Ergic1;Stat3;Sat1;Def8;Lrp1;Vgll3;Bgn;Aqp4;Fuz;Triobp;Sccpdh;Rpl4;Maff;Fyco1;Synm,0,IPA;JASPAR-TRANSFAC;Chea,0.12195122,+,0.633333333,=,0,=,0
Hinfp,Sertad3;Egln2;Cacna2d3;Txndc5;Plod2;Fads3;Nln;Senp8;Shisa9;Phgdh;Ctnna1;Sel1l3;Zyx;Nfkbiz;Tmem86a;Nfasc;Arhgap21;S100a6;Ezr;Trim8;Marcks;Pla2g7;Slc30a1;Rcn2;Cyc1;Rsad2;Sun2;Tns2;Myl12a;Samd14;Gprc5b;Cdc42ep1;Fam129b;Amotl2;Rgl1;Akap2;P4ha1;Gpx3;Bcl3;Frem2;Rida;Asxl1;Psat1;Gnai2;Chchd3;Ccnd2;Sbno2;Cnr1;Capn2;Nudt4;Tceal3;Itih5;Kcna1;A4galt;Tspan3;Mbnl2;Hr;Tpi1;Macf1;Plekhm2;Mxra7;Abl1;Junb;Dctd;Atl2;Psd2;Myo1c;Ralgds;Irf7;Steap4;Iqsec1;Coro1c;Camk2n1;Tmem140;Chst2;Kcnc3;Gbp2;Stxbp5l;Btbd3;C1ql1;Hey2;Ndufb10;Hspb6;Anapc4;Enoph1;E2f5;Slc1a4;Plxnd1;Commd10;Txndc15;Psmb8;Ppp1r1b;Calr;Cdc37l1;Zbtb16;Tgm2;Ptn;Fabp7;Tpt1;Bag1;Dbi;Ptprd;Susd4;Mvp;Ak4;Rhof;Slc6a8;Sorbs1;Spp1;Urb1;Tspan4;Arhgap5;Tnk2;Aspg;Tmem9;Hip1;Ctnna2;Flot1;Erp29;Rarg;Cic;Wfs1;Polr3h;Slc5a3;Irf1;Pmp2;Haghl;Rdh5;Retreg2;Prkcd;Triobp;Fads2;Tspyl2;Mdk;Maff;Farp1;Adcyap1r1;Sirpa,8.943358621,JASPAR-TRANSFAC,0.18699187,+,0.608695652,=,0,=,0
Hnf4a,Rbm3;4-sep;Egln2;Ptprn;Spen;Bcs1l;Fth1;Arhgap21;Tnr;Slc13a3;Trim8;Ahnak;Slc30a1;Cherp;Tns2;Samd14;Tspyl1;Ppp1r1a;Emg1;Laptm4a;Fbxo31;Vldlr;Cebpd;Psmb10;Sbno2;Fbln5;Rhobtb3;Il13ra1;Gpx1;Mvk;Enpp2;Tmc7;Kpna3;Smg5;Camk2n1;Mafk;Me1;Tmem140;Smo;Slc43a3;Ephx2;Ndufb10;Vdac2;Rab33b;Ndufv2;Tmem176a;Tgm2;Rasgrf2;Mvp;Sv2b;Tnfaip6;Erbin;Gng12;Tmem135;Eps15;Serping1;Stat3;Zc3hav1;Fxyd6;Atf4;Polr3h;Tm9sf3;Ifrd1;Osmr;Spcs2;Msrb1;Tuba4a;Maff;Fkbp3;Asrgl1;Tagln3;Eif3f;Wnk2;Plod2;Senp8;Akap13;Carhsp1;Slc39a14;G6pc3;Nfasc;Ezr;Arpc1b;Ucp2;Hacd3;Lrrc8a;Rcn2;Fkbp5;Gadd45b;Mt1;Usp18;Rgl1;Brd2;Echdc3;Golga4;Lcn2;Cd14;Prkag2;Asxl1;Psat1;Mark3;Mylk;Snrk;Pdxdc1;Ndufa11;Negr1;Hap1;Clcf1;Coq7;Kif5a;Tle1;Plekhm2;Junb;Dctd;Slc7a10;Amigo2;Etnppl;Foxp4;Endou;Slc22a4;Cnn3;Iqsec1;Lgals3;Naxd;Myo18a;Dhrs7b;Slc25a18;Ampd3;Calm3;Tnfrsf1a;Capg;Slc1a4;Camta1;Rnf10;Tmed2;Kctd1;Synpo;Cdc37l1;Pmm1;Midn;Pnpo;Znfx1;Angptl4;Ptgr2;Srr;Rhof;Fam92b;Eef2k;Flot1;Rarg;Tmem33;Erp29;Hlf;Cstf2t;Cuedc2;Rdh5;Bmpr1a;C4b;Ptp4a2;Prkcd;Triobp;Pamr1;Cd302;Reep1;Farp1;Ndufc2;Ttll9;Mprip;Lsr;Txndc5;Ypel3;Ctdsp2;Nln;Phgdh;Ctnna1;Anxa7;Cldn10;Eif4g1;Lrig1;Timp1;Dlg5;Asna1;Parp3;Vta1;Ndufs7;Tapbp;Akap2;Kremen1;Lamc1;Ifit3;Icam1;Slc35a2;Bcl3;Txndc16;Ablim2;Capn2;Amt;Tceal3;Nr1h2;Mat2a;Dhrs1;Rnf7;Fat3;Mbnl2;Mapk3;Bcl2l1;Tspan3;Pgm5;Mtmr3;Mxra7;Capn5;Cdkn1a;Atl2;Entpd6;Myo1c;Hrct1;Sfxn1;Gnb5;Stim1;Atp5g1;Sfxn5;Kcnc3;Tubb4a;Tinagl1;Entpd5;Ccnh;Mbp;E2f5;Paqr8;Plxnd1;Xaf1;Tgm1;Snx5;Mlh3;Cadm3;Zbtb16;Tpt1;Gpd1;Aldh1l1;Thrsp;Nf2;Snapc2;Chid1;Shisa5;Tead3;Urb1;Dhcr7;Arhgap5;Timp3;Tshz1;Ehd3;Ergic1;Lrp1;Slc5a3;Arid5a;Slc44a1;Ppa2;Steap3;Etfb;Synm;Kctd10;Ndst1;Sertad3;Adora1;Tmem176b;Eif4g3;Slc25a5;Plce1;Rras;Fnbp1l;Nfkbiz;Paqr7;Msn;Ddost;Col16a1;Slc38a3;Pla2g7;Mamstr;Olfml3;Rsad2;Cox5a;Flnc;Sgce;Adi1;Rpl41;Fam129b;Gjb2;Amotl2;Tst;Stk25;Pltp;P4ha1;Kank1;Ldha;Tmx2;Chchd3;Ddc;Tbc1d9b;Tmco1;Ccnd2;Ahcyl1;Sqle;Apoh;Agpat1;Sdc2;Pnpla2;Macf1;Mcl1;Abl1;Fos;Rhoj;Pigs;Rph3a;Tenm4;Coro1c;Mia2;Eef1a1;Ccp110;Tom1;Osgep;Map3k6;Stat1;Cavin1;Ppp1r1b;Rnf126;Atoh8;Rpsa;Susd4;Ppard;Mfhas1;Gab2;Sorbs1;Dbp;Spp1;Pllp;Smox;Sqstm1;Tmem59;Stard7;Ramp1;Usp24;Fuz;Aqp4;Slc39a1;Spry2;Gap43;Chpt1;Fyco1;Cp;Emp2,0,IPA;JASPAR-TRANSFAC;Chea,0.472899729,+,0.58739255,=,0,=,0
Htt,Mobp;Eef1a2;Ppard;Gpm6a;Mprip;Cttn;Sncb;Ppp1r1a;Dbp;Gpx3;Cacna2d3;Bcl3;Spp1;Dhcr7;Kcnc3;Fgfr1;Timp3;C1ql1;Ephx2;Serping1;Nsg2;Cnr1;Eef1a1;Serpina3m;Sqstm1;Mog;Usp54;Tmem35a;Fxyd6;Kcna1;Col16a1;Ndufa11;Mustn1;Hap1;Gbp5;Arpc1b;Gnb5;Ednrb;Col4a2;Cyc1;Nrep;Cdkn1a;Ppp1r1b;Gria1;Atl2;Enpp2;Junb;Mt1;Prkcd;Fos;Psmb8;Tuba4a;Slc7a10;Gap43;Dnm1;Ndufs7;Tgm2;Etnppl;Fabp7;Eci1;Sirpa;Lao1;Nrip3;Rph3a;Tagln3;Thrsp,0,IPA;Chea,0.089430894,+,0.590909091,=,0,=,0
Irf1,Ifit3;Tmem140;Cybb;Gbp2;Timp3;Psmb10;Cxcl10;Ifitm3;Ifit2;Eif2ak2;Irf9;Stat3;Bst2;E2f5;Ifi47;Stat1;Irf1;Xaf1;Amot;Wls;Sdc2;Psmb8;Rsad2;Cdkn1a;Parp3;Ifit1;Dusp4;Mdk;Znfx1;Tapbp;Rhoj;Irf7,4.837972416,IPA;Chea,0.043360434,+,0.8125,+,0.8125,+,0.8125
Irf7,Irgm1;Ifit3;Psmb10;Cxcl10;Ifitm3;Ifit2;Irf9;Zc3hav1;Igtp;Cmpk2;Atf4;Ifi47;Gbp5;Stat1;Irf1;Xaf1;Bcl2l1;Rtp4;Mcl1;Psmb8;Rsad2;Oasl2;Usp18;Irf7,4.644115157,IPA,0.032520325,+,1,+,1,+,1
Irf9,Ifit3;Stat1;Ifitm3;Cxcl10;Irf1;Socs3;Ifit2;Irf7,1.806657015,IPA,0.010840108,+,1,+,1,+,1
Jun,Rbm3;Ndst1;Mprip;Cttn;Tspan6;Cmtm5;Rlbp1;Egln2;Sbds;Map1lc3b;Ptprn;Txndc5;Hadh;Trim9;Ctdsp2;Plod2;Senp8;Bcs1l;Alpl;Akap13;Shisa9;Sel1l3;Plce1;Carhsp1;Fth1;Rdh12;Zyx;Anapc16;Cldn10;Klc3;Nfkbiz;Rfx3;Slc39a10;Col1a1;Cd34;Paqr7;Arhgap21;Slc38a3;Ddost;Col16a1;S100a6;Ezr;S100a11;Lgals9;Slc13a3;Ahnak;Mpz;Slc30a1;Lrig1;Lrrc8a;Tpm3;Tnfrsf12a;Lrg1;Timp1;Cyc1;Atp6v1a;Sun2;Flnc;Asna1;Gadd45b;Rsad2;Myl12a;Samd14;Adi1;Rpl41;Adamts1;Usp18;Tspyl1;Cdc42ep1;Fam129b;Nrip3;Gjb2;Hmgn1;Akap2;Adcy2;Lamc1;Sbsn;Btbd1;Pltp;Kank1;Ifit3;Ldha;Brd2;Icam1;Them4;Cltb;Echdc3;Laptm4a;Bcl3;Vldlr;Fbxo31;Cyr61;Cd14;Prkag2;Asxl1;Cebpd;Ablim2;Chchd3;Mylk;Ccnd2;Ndufa13;Tmco1;Cnr1;Capn2;Ahcyl1;Lpar1;Zfp869;Amt;Nudt4;Ndufa11;Vim;Fbln5;Mat2a;Clcf1;Coq7;Rhobtb3;Rnf7;Tspan3;Apoh;Mapk3;Amot;Mbnl2;Gja1;Pgm5;Pygb;Il13ra1;Macf1;Plekhm2;Mcl1;Capn5;Gbp3;Cdkn1a;Abl1;Etl4;Junb;Insig1;Atl2;Clec3b;Dctd;Fos;Tmc7;Amigo2;Endou;Rhoj;Ralgds;Sfxn1;Stim1;Pigs;Fnta;Atp5g1;Padi2;Lgals3;Mia2;Camk2n1;Mafk;Sfxn5;Cd109;Chst2;Kif5c;Dhrs7b;Taldo1;Gbp2;Myo6;Fjx1;Ifi27;Aplnr;Tinagl1;Slc43a3;Ampd3;Ephx2;Cxcl10;Slc14a2;Larp1b;Hspb6;Tnfrsf1a;Ppp1r15a;Eef1a1;Mbp;Nit1;Tom1;Ntsr2;9-sep;Vdac2;Camta1;Tmem147;Commd10;Igfbp4;Stat1;Fcgr2b;Txndc15;Cavin1;Gsta4;Jam2;Cops6;Drp2;Col4a2;Rnf10;Tgm1;9530068e07rik;Ppp1r1b;Tmed2;Ndufv2;Mlh3;Synpo;Cadm3;Cdc37l1;Tmem205;Ifit1;Calm1;Socs3;Hdac7;Pnpo;Znfx1;Fabp7;Angptl4;Vamp1;Sox2;Ptprd;Gabarapl1;Sv2b;Ppard;Tnfaip6;Ak4;Chid1;Hspb1;Gab2;Sncb;Slc6a8;Tmem9b;Sorbs1;Rnps1;Gfra1;Dbp;Spp1;Mrpl41;Pllp;Smox;Fndc5;Timp3;Map7d1;Tmem135;Eps15;Ehd3;Ctnna2;Sult1a1;Sat1;Stat3;Fam126a;Sqstm1;Zc3hav1;Rarg;Erp29;Wfs1;Fxyd6;Ramp1;Hlf;Tm9sf3;Neat1;Slc5a3;Col23a1;Ifrd1;Aqp4;Slc39a1;Spcs2;Triobp;Fads2;Tuba4a;Gap43;Rpl4;Maff;Farp1;Steap3;Adcyap1r1;Fyco1;Emp2,0,IPA;JASPAR-TRANSFAC;Chea,0.372628726,+,0.581818182,=,0,=,0
Junb,Junb;Timp3;Fbln5;Lcn2;Fth1;Bcl3;Pnpla2;Col1a1;Timp1;Lpar1,4.593550256,IPA,0.013550136,+,0.7,+,0.7,=,0
Klf2,Junb;Mvp;Apln;Timp1;Aplnr;Adam15;S1pr1;Stat1;Fos;Plod2;Socs3;Bcl3;Tpt1;Serpina3n;Pros1;Cdkn1a;Sox2,0,IPA;Chea,0.02303523,+,0.764705882,+,0.764705882,+,0.764705882
Klf4,Rbm3;4-sep;Egln2;Ptprn;Cdo1;Spen;Bcs1l;Sel1l3;Fth1;Col1a1;Msx1;Arhgap21;Tnr;S100a6;Eif1;S100a11;Slc13a3;Trim8;Ahnak;Mpz;Slc30a1;Cyc1;Oasl2;Tns2;Myl12a;Metrn;Them4;Laptm4a;Fbxo31;Vldlr;Cyr61;Apod;Sbno2;Itih5;Mgat3;Adam15;Scd1;Gpx1;Etl4;Mvk;Tmc7;Rtn2;Padi2;Camk2n1;Mafk;Cd109;Reep5;Pcp4l1;Fjx1;Hey2;Ephx2;Vdac2;Lgals1;Rab33b;Igfbp4;Fcgr2b;Ednrb;Calr;Tmsb4x;Rasl10b;Socs3;Apip;Tgm2;Erbin;Gfra1;Gng12;Mrpl41;Map7d1;Tmem9;Tmem135;Cidea;Eps15;Serping1;Zc3hav1;Cic;Wfs1;Fxyd6;Atf4;Dner;Polr3h;Irf1;Ifrd1;Spcs2;Maff;Fkbp3;Asrgl1;Eif3f;Cacna2d3;Map1lc3b;Senp8;Nupr1;Zyx;Carhsp1;Slc39a14;G6pc3;Cd34;Nfasc;Ezr;Prkag1;Arpc1b;Ucp2;Hacd3;Lrrc8a;Lgals3bp;Fkbp5;Gadd45b;Mt1;Adamts1;Usp18;Cdc42ep1;Rgl1;Lrrc59;Mboat2;Echdc3;Cdc42se1;Frem2;Cd14;Prkag2;Prdx2;Asxl1;A730017l22rik;Pdxdc1;Cmpk2;Clcf1;Coq7;Kif5a;Olfm1;Amot;Tle1;Plekhm2;Junb;Dctd;Amigo2;Slc22a4;Slc25a34;Cnn3;Iqsec1;Lgals3;Zfp503;Myo18a;Kif5c;Dhrs7b;Gbp2;Fkbp9;Btbd3;Ampd3;Ergic3;Calm3;Slc1a4;Camta1;Efhd1;Unc13a;Commd10;Cops6;Col4a2;Rnf10;Tmed2;Cdc37l1;Pmm1;Midn;Pnpo;Serpina3n;Eef1a2;Rhof;Rnps1;Srr;Sc5d;Fam92b;Arl6ip1;Hip1;Eef2k;Flot1;Rarg;Tmem33;Erp29;Gbp5;Hlf;Gse1;Cstf2t;Rdh5;Bmpr1a;Ptp4a2;Triobp;Pamr1;S1pr1;Cd302;Reep1;Mdk;Farp1;Sirpa;Lsr;Rlbp1;Mtx1;Ypel3;Nln;Ctnna1;Anxa7;Tppp;Bc005537;Arl5c;Marcks;Eif4g1;Bcl7a;Tnfrsf12a;Timp1;Ndufs7;Adcy2;Tapbp;Lamc1;Sbsn;Ifi204;Ifit3;Icam1;Bcl3;2900097c17rik;Ablim2;Gnai2;Ece2;Capn2;Fus;Vim;Mat2a;A4galt;Rnf7;Tspan3;Mbnl2;Mapk3;Bcl2l1;Pygb;Gja1;Hr;Pgm5;Mgll;Marco;Capn5;Gbp3;Cdkn1a;Insig1;Atl2;Hhatl;Irak3;Dusp4;Myo1c;Efr3b;Lman2l;Kcnc3;4930402h24rik;Taldo1;Tinagl1;Ccnh;1700025g04rik;Enoph1;Mbp;Zbtb42;Nit1;Fbxo2;E2f5;Plxnd1;Paqr8;Agpat5;Tgm1;9530068e07rik;Snx5;Lmf1;Cadm3;Tmem205;Calm1;Zbtb16;Hdac7;Scg5;Tpt1;Gpd1;Bag1;Dbi;Nf2;Snapc2;Hspb1;Chid1;Itm2c;Arhgap5;Aspg;Tshz1;Ifitm3;Ergic1;Ifit2;Sat1;Lrp1;Myoc;Gas5;Ggta1;Arid5a;Haghl;Slc44a1;Bgn;Rpl4;Sgpp1;D3ertd751e;Steap3;Etfb;Kctd10;Synm;Fam107a;Cttn;Sertad3;Astn1;Adora1;Sbds;Tmem176b;Eif4g3;Alpl;Slc25a5;Fnbp1l;Rfx3;Slc39a10;Tsc22d4;Slc38a3;Col16a1;Msn;Ddost;Mamstr;Olfml3;Cox5a;Flnc;Adi1;Rpl41;Fam129b;Gjb2;Amotl2;Tst;Stk25;Pltp;Ldha;Cltb;Glipr2;1110008p14rik;Ccnd2;Tbc1d9b;Tmco1;Plin4;Ahcyl1;Sqle;Qk;Ppp1r9b;Wls;Pnpla2;Macf1;Mcl1;Abl1;Arhgef4;Fos;Ralgds;Irf7;Rph3a;Coro1c;Slc14a2;Bst2;Eif2ak2;Eef1a1;Tom1;9-sep;Map3k6;Stat1;Ntm;Jam2;Ppp1r1b;Rnf126;Arl6ip4;Col5a3;Atoh8;Rpsa;Fmc1;Sox2;Susd4;Mobp;Ppard;Mfhas1;Slc6a8;Tmem9b;Dbp;Cxcl12;Adamtsl2;Spp1;Tspan4;Smad1;Sdhc;Smox;Tnk2;Nipsnap2;Ccdc190;Pick1;Sqstm1;Reep3;Tmem59;Stard7;Ramp1;Paqr6;Usp24;Aqp4;Retreg2;Spry2;Sccpdh;Tspyl2;Chpt1;Emp2,0,IPA;JASPAR-TRANSFAC;Chea,0.547425474,+,0.596534653,=,0,=,0
Myc,Rbm3;4-sep;Egln2;Cdo1;Bcs1l;Anapc16;Fth1;Col1a1;Usp54;Igtp;Rcan2;Msx1;S100a6;Gpr179;S100a11;Eif1;Slc13a3;Crispld2;Tspan7;Trim8;Ahnak;Slc30a1;Cherp;Cyc1;Atp6v1a;Oasl2;Myl12a;Hmgn1;Them4;Laptm4a;Emg1;Fbxo31;Vldlr;Cyr61;Apod;Dhrs7;Rida;Cebpd;Psmb10;Smyd1;Sbno2;Icosl;Mgat3;Fbln5;Adam15;Scd1;Tpi1;Il13ra1;Gpx1;Etl4;Mvk;Clec3b;Kpna3;Smg5;Rtn2;Camk2n1;Mafk;Reep5;Endog;Smo;Fjx1;Slc43a3;Hey2;Ndufb10;Anapc4;Vdac2;Lgals1;Igfbp4;Gsta4;Calr;Ndufv2;Tmsb4x;Gstt3;Socs3;Vamp1;Agap3;Tnfaip6;Gng12;Mrpl41;Tmem9;Tmem135;Cidea;Eps15;Stat3;Zc3hav1;Cic;Wfs1;Fxyd6;Tmem35a;Atf4;Dner;Polr3h;Irf1;Rtp4;Ifrd1;Osmr;Spcs2;Tuba4a;Maff;Fkbp3;Asrgl1;Tagln3;Eif3f;Serpina3f;Wnk2;Map1lc3b;Hadh;Nap1l1;Senp8;Akap13;Nupr1;Saa3;Slc39a14;G6pc3;Nfasc;Ezr;Prkag1;Arpc1b;Ucp2;Lgals3bp;Fkbp5;Gadd45b;Mt1;Adamts1;Usp18;Cdc42ep1;Rgl1;Lrrc59;Slc35b2;Brd2;Cdc42se1;Golga4;Lcn2;Cd14;Prkag2;Prdx2;Asxl1;Psat1;Mark3;Mylk;Ndufa13;Irf9;Mog;Hinfp;Galr3;Kcna1;Cmpk2;Ndufa11;Negr1;Hap1;Ip6k1;Clcf1;Gdpd2;Coq7;Kif5a;Olfm1;Tle1;Dctd;Junb;Atp6ap1;Serpina3h;Slc7a10;Foxp4;Slc22a4;Cnn3;Iqsec1;Dhrs7b;Gbp2;Fkbp9;Btbd3;Ampd3;Cxcl10;Calm3;Larp1b;Ppp1r15a;Ntsr2;Capg;Slc1a4;Camta1;Tmem147;Car14;Akr7a5;Efhd1;Commd10;Unc13a;Pfkl;Cops6;Col4a2;Rnf10;Psmb8;Tmed2;Kctd1;Synpo;Cdc37l1;Pmm1;Midn;Znfx1;Pnpo;Peg13;Ptn;Angptl4;Serpina3n;Rhof;Rnps1;Arl6ip1;Hip1;Eef2k;Cyp2d22;Def8;Rarg;Erp29;Tmem33;Ptdss1;Hlf;Gse1;Neat1;Cuedc2;Rdh5;Bmpr1a;C4b;Ptp4a2;Prkcd;H2-k1;S1pr1;Reep1;Mdk;Farp1;Lsr;Rlbp1;Txndc5;Mtx1;Hdac2;Ypel3;Ctdsp2;Fgfr1;Nln;Phgdh;Ctnna1;Anxa7;Tppp;Bc005537;Vhl;Lcat;Arl5c;Marcks;Eif4g1;Bcl7a;Lrig1;Qdpr;Tnfrsf12a;Timp1;Asna1;Apln;Parp3;Vta1;Ndufs7;Nrip3;Lamc1;Sbsn;Btbd1;Clip3;Icam1;Bcl3;Idh2;Ablim2;Gnai2;Ece2;Capn2;Amt;Fus;Nr1h2;Tspan31;Vim;Mat2a;Dhrs1;A4galt;Rnf7;Mapk3;Bcl2l1;Gja1;Mgll;Capn5;Gbp3;Cdkn1a;Insig1;Hhatl;Irak3;Dusp4;Entpd6;Myo1c;Fam120c;Sfxn1;Gnb5;Stim1;Atp5g1;8-mar;Sfxn5;Kcnc3;4930402h24rik;Taldo1;Aplnr;Entpd5;Ccnh;1700025g04rik;Enoph1;Mbp;Nit1;E2f5;Plxnd1;Agpat5;Tgm1;9530068e07rik;Snx5;Mlh3;Calm1;Zbtb16;Hdac7;Scg5;Ctsl;Gpd1;Bag1;Dbi;Tpt1;Aldh1l1;Ptprd;Gabarapl1;Nf2;Snapc2;Hspb1;Sncb;Chid1;Fam241a;Itm2c;Tead3;Dhcr7;Lgi3;Tshz1;Ifitm3;Ergic1;Ifit2;Sat1;Lrp1;Fez1;Myoc;Ggta1;Slc5a3;Arid5a;Haghl;Slc44a1;Fads2;Rpl4;Sgpp1;Ppa2;Steap3;Etfb;Kctd10;Ndst1;Cttn;Ywhae;Astn1;Adora1;Sbds;Eif4g3;Mapk4;Alpl;Slc25a5;Plce1;Rras;Lxn;Nfkbiz;Rfx3;Slc39a10;Tsc22d4;Paqr7;Tmem86a;Msn;Ddost;Col16a1;Lgals9;Tpm3;Rsad2;Cox5a;Flnc;Adi1;Rpl41;Sycp3;Gprc5b;Gjb2;Tst;Stk25;P4ha1;Kank1;Pltp;Ldha;Chchd3;Ddc;Ccnd2;Tmco1;Ahcyl1;Nudt4;Sqle;Qk;Apoh;Ppp1r9b;Agpat1;Wls;Sdc2;Pnpla2;Macf1;Mcl1;Abl1;Arhgef4;Fos;Rhoj;Ralgds;Irf7;Pigs;Erf;Coro1c;Mia2;Chst2;Bst2;Eif2ak2;Eef1a1;Tom1;9-sep;Osgep;Map3k6;Stat1;Cavin1;Jam2;1110051m20rik;Ppp1r1b;Rnf126;Ifit1;Atoh8;Rpsa;Col5a3;Fmc1;Sox2;Susd4;Ppard;Ak4;Mfhas1;Sorbs1;Dbp;Cxcl12;Spp1;Cyp51;Ctxn1;Tspan4;Pllp;Smad1;Nipsnap2;Sema3g;Pick1;Reep3;Tmem59;Stard7;Mustn1;Pmp2;D8ertd738e;Fuz;Slc39a1;Retreg2;Spry2;Gap43;Chpt1;Fyco1;Emp2,0,IPA;JASPAR-TRANSFAC;Chea,0.636856369,+,0.561702128,=,0,=,0
Mycn,Cttn;Ywhae;Astn1;Adora1;Rlbp1;Egln2;Map1lc3b;Mtx1;Hdac2;Ctdsp2;Nln;Phgdh;Senp8;Nupr1;Zyx;Plce1;Rdh12;Fth1;Anxa7;G6pc3;Cldn10;Bc005537;Col1a1;Slc4a8;Prkag1;Arpc1b;Marcks;Eif4g1;Ahnak;Slc30a1;Mamstr;Lrrc8a;Cherp;Fkbp5;Cyc1;Atp6v1a;Cox5a;Mt1;Parp3;Rpl41;Ndufs7;Amotl2;Rgl1;Lamc1;Lrrc59;Btbd1;Stk25;Mboat2;Ldha;Them4;Echdc3;Ppp1r1a;Emg1;Cdc42se1;Cyr61;Prdx2;Rida;Psat1;Ccnd2;Ndufa13;Tmco1;Cnr1;Ece2;Vim;Negr1;Mat2a;Dhrs1;Adam15;Ppp1r9b;Bcl2l1;Sdc2;Mgll;Cdkn1a;Junb;Irak3;Fos;Entpd6;Kpna3;Foxp4;Ralgds;Smg5;Fnta;Atp5g1;Erf;Pcp4l1;Taldo1;Fjx1;Fkbp9;Ampd3;Hey2;Ergic3;Calm3;Ccnh;Tnfrsf1a;Enoph1;Eef1a1;E2f5;Vdac2;Slc1a4;Camta1;Lgals1;Commd10;Rab33b;Osgep;Igfbp4;Jam2;Agpat5;Rnf10;9530068e07rik;Col4a2;Tmed2;Snx5;Rnf126;Atoh8;Calm1;Socs3;Apip;Tgm2;Tpt1;Dbi;Sox2;Nf2;Snapc2;Ppard;Rhof;Gfra1;Dbp;Sc5d;Gng12;Cxcl12;Cyp51;Mrpl41;Fam92b;Tspan4;Tnk2;Arl6ip1;Hip1;Ifitm3;Eef2k;Dbndd2;Sat1;Stat3;Ncan;Reep3;Sqstm1;Rarg;Wfs1;Ptdss1;Tm9sf3;Haghl;Ifrd1;Slc44a1;Usp24;Bmpr1a;Ptp4a2;Spcs2;Sccpdh;Spry2;Fads2;Rpl4;Gap43;Chpt1;Farp1;Fkbp3;Tagln3;Synm,0,IPA;Chea,0.224932249,+,0.506024096,=,0,=,0
Nfe2l2,Sertad3;Cacna2d3;Map1lc3b;Txndc5;Trim9;Spen;Nln;Phgdh;Ctnna1;Zyx;Fth1;Slc39a10;Col1a1;Cd34;Rcan2;Marcks;Slc30a1;Fkbp5;Oasl2;Mt1;Vta1;Akap2;Lamc1;Kremen1;P4ha1;Ifit3;Slc35a2;Gpx3;Rida;Psat1;Gnai2;Ddc;Coq7;Tspan3;Bcl2l1;Pygb;Gja1;Mgll;Amot;Macf1;Gpx1;Cdkn1a;Dctd;Atl2;Dusp4;Tmc7;Fnta;Lgals3;Me1;Sfxn5;Taldo1;Stxbp5l;Fjx1;Entpd5;Btbd3;Ampd3;Cxcl10;Tnfrsf1a;Mbp;Tom1;Slc1a4;Stat1;Ednrb;Gsta4;Zrsr1;Col4a2;Tmed2;Lmf1;Ndufv2;Mlh3;Tmsb4x;Calm1;Socs3;Apip;Ptgr2;Thrsp;Gabarapl1;Mvp;Eef1a2;Ppard;Fam241a;Dhcr7;Cybb;Arhgap5;Sat1;Sqstm1;Zc3hav1;Erp29;Atf4;Oasl1;Irf1;Cstf2t;Rtp4;Ifrd1;Bmpr1a;Osmr;Prkcd;S1pr1;Cd302;Chpt1;Maff;Emp2,0,IPA;Chea,0.138211382,+,0.558823529,=,0,=,0
Nfkb1,Serpina3f;;Rbm3;4-sep;Tspan6;Adora1;Rlbp1;Cacna2d3;Omg;Tmem176b;Txndc5;Mtx1;Eif4g3;Fgfr1;Prrc2b;Fads3;Alpl;Akap13;Nupr1;Saa3;Zyx;Rras;Plce1;Lxn;Slc39a14;Tppp;Cldn10;Klc3;Nfkbiz;Col1a1;Tsc22d4;Lcat;Nfasc;Msx1;Slc38a3;Col16a1;Gpr179;Ezr;Prkag1;Slc13a3;Crispld2;Arl5c;Trim8;Eif4g1;Marcks;Mamstr;Cherp;Lrg1;Fkbp5;Rsad2;Dlg5;Sgce;Gadd45b;Mt1;Tns2;Samd14;Apln;Vta1;Metrn;Gprc5b;Tspyl1;Fam129b;Amotl2;Rgl1;Hmgn1;Tapbp;Adcy2;Kremen1;Nrip3;Sbsn;Btbd1;Stk25;Slc35b2;Pltp;P4ha1;Brd2;Ifit3;Icam1;Ppp1r1a;Cltb;Bcl3;Vldlr;Golga4;Glipr2;Lcn2;Cyr61;Prdx2;Rida;Cebpd;Asxl1;Psmb10;Ddc;Ccnd2;Ndufa13;Sbno2;Ece2;Ahcyl1;Fus;Lpar1;Zfp869;Kcna1;Cmpk2;Itih5;Adam15;Mat2a;Clcf1;Ppp1r9b;Kif5a;Bcl2l1;Gja1;Hr;Il13ra1;Sdc2;Pnpla2;Plekhm2;Mcl1;Capn5;Mxra7;Cdkn1a;Arhgef4;Gria1;Atl2;Enpp2;Junb;Dctd;Atp6ap1;Etl4;Fos;Irak3;Slc7a10;Entpd6;Dusp4;Myo1c;Fam120c;Amigo2;Foxp4;Irf7;Gnb5;Stim1;Erf;Atp5g1;Lman2l;Coro1c;Padi2;Mia2;Camk2n1;Myo18a;Kcnc3;Endog;Myo6;Fjx1;Aplnr;Tinagl1;Slc25a18;2210016f16rik;Cxcl10;Slc14a2;Tnfrsf1a;Ppp1r15a;Nit1;Capg;Slc1a4;Camta1;Tmem147;Car14;Lgals1;Unc13a;Efhd1;Stat1;Fcgr2b;Cavin1;Ednrb;1110051m20rik;Drp2;9530068e07rik;Ppp1r1b;Calr;Ndufv2;Synpo;Tmsb4x;Cadm3;Ifit1;Arl6ip4;Gstt3;Col5a3;Pmm1;Rasl10b;Dnm1;Midn;Hdac7;Socs3;Tpt1;Vamp1;Bag1;Dbi;Ptgr2;Aldh1l1;Gabarapl1;Mobp;Nf2;Eef1a2;Susd4;Ak4;Tmem9b;Sorbs1;Gfra1;Tead3;Dbp;Cxcl12;Adamtsl2;Spp1;H2-d1;Ctxn1;Mrpl41;Fam92b;Tspan4;Cybb;Pllp;Fndc5;Tnk2;Aspg;Cidea;Nipsnap2;Eef2k;Dbndd2;Sult1a1;Ifit2;Flot1;Stat3;Sqstm1;Lrp1;Ncan;Rarg;Stard7;Ptdss1;Mustn1;Dner;Gbp5;Ramp1;Gse1;Irf1;Arid5a;Cuedc2;Rdh5;Usp24;Aqp4;Slc39a1;C4b;Ptp4a2;Spcs2;Prkcd;H2-k1;Fads2;S1pr1;Rpl4;Asrgl1;Fam107a,0,IPA;JASPAR-TRANSFAC;,0.346883469,+,0.6328125,=,0,=,0
Nfya,Rbm3;Astn1;Adora1;Sbds;Hadh;Ypel3;Hdac2;Spen;Eif4g3;Phgdh;Alpl;Sel1l3;Plce1;Carhsp1;Fth1;Anxa7;Fnbp1l;Col1a1;Cd34;Paqr7;Nfasc;Msx1;Arhgap21;Tnr;Col16a1;Ddost;Slc4a8;Lgals9;Slc13a3;Marcks;Ahnak;Hacd3;Slc30a1;Olfml3;Qdpr;Rcn2;Lrg1;Fkbp5;Dlg5;Gadd45b;Tns2;Sycp3;Gprc5b;Hmgn1;Lamc1;Ifit3;Brd2;Icam1;Slc35a2;Ppp1r1a;Them4;Echdc3;Txndc16;Tmx2;Frem2;Cyr61;Rida;Hjurp;Gnai2;Tmco1;Sbno2;Capn2;Mog;Itih5;Kcna1;Ndufa11;Negr1;Fbln5;Vim;Coq7;Fat3;Agpat1;Bcl2l1;Wls;Tle1;Macf1;Plekhm2;Mxra7;Cdkn1a;Junb;Dctd;Irak3;Amigo2;Slc25a34;Stim1;Rph3a;Rtn2;Cnn3;Lman2l;Atp5g1;Padi2;Camk2n1;Tmem140;Myo18a;Kif5c;Pcp4l1;Dhrs7b;Gbp2;Stxbp5l;Myo6;Btbd3;Tinagl1;Ampd3;Ephx2;Ndufb10;Larp1b;Hspb6;Tnfrsf1a;Enoph1;Fbxo2;Slc1a4;Camta1;Map3k6;Col4a2;Calr;Ifit1;Col5a3;Apip;Pnpo;Tpt1;Thrsp;Susd4;Tnfaip6;Gab2;Sorbs1;Dbp;Gng12;Adamtsl2;Cxcl12;Tecr;Cybb;Dhcr7;Fndc5;Map7d1;Aspg;Ehd3;Eps15;Serping1;Reep3;Tmem33;Stard7;Gbp5;Myoc;Irf1;Cstf2t;Rtp4;Pmp2;Ifrd1;Rdh5;Usp24;Aqp4;Bmpr1a;Ptp4a2;Sccpdh;S1pr1;Gap43;Tspyl2;Reep1;Farp1;Asrgl1,0,IPA;JASPAR-TRANSFAC;Chea,0.216802168,+,0.55625,=,0,=,0
Pbx1,Gpm6a;Padi2;Lgals3;Adora1;Cmtm5;Sorbs1;Gpx3;Sbds;Sfxn5;Chst2;Dhcr7;Cybb;Frem2;Sdhc;Lgi3;Akap13;Bcs1l;Slc43a3;Tshz1;Ampd3;Zyx;Ergic3;Serping1;Mylk;Stat3;Col1a1;Ece2;Amt;Usp54;Ntsr2;Mog;Tceal3;Nfasc;Tnr;Stard7;Itih5;Fbln5;Mat2a;S100a11;Lgals9;Ucp2;Rhobtb3;Tspan3;Agpat1;Mpz;Bcl2l1;Tle1;Mgll;Mtmr3;Olfml3;Slc39a1;Capn5;Abl1;Cdkn1a;Flnc;Dctd;Atp6ap1;Fos;Cdc37l1;Rpl41;Mtch1;Reep1;Apip;Gprc5b;Fkbp3;Fabp7;Sirpa;Rhoj;Hmgn1;Cp;Rasgrf2;Kctd10,0,IPA;Chea,0.097560976,+,0.541666667,=,0,=,0
Pdx1,Atp5g1;Stk25;Ppp1r1a;Camk2n1;Gpx3;Gng12;Spp1;Sfxn5;Ptprn;Cdo1;Tst;Fgfr1;Stxbp5l;Phgdh;Cidea;Lxn;Tnfrsf1a;Stat3;Col1a1;Fus;Tmem59;Wfs1;Ptdss1;Atf4;Hap1;Igfbp4;Marcks;Tpi1;Psmb8;Rsad2;Insig1;Junb;Mt1;Parp3;Fos;Gap43;Tspyl2;Apip;Pnpo;Tapbp;Vamp1;Tagln3;Gabarapl1,0,IPA;Chea,0.058265583,+,0.627906977,=,0,=,0
Pitx2,Rbm3;Egln2;Map1lc3b;Spen;Eif4g3;Plod2;Fgfr1;Prrc2b;Fads3;Senp8;Bcs1l;Shisa9;Nupr1;Rdh12;Zyx;Carhsp1;Anapc16;Fnbp1l;G6pc3;Klc3;Cldn10;Vhl;Rcan2;Nfasc;Col16a1;Eif1;Arpc1b;Crispld2;Eif4g1;Fkbp5;Cox5a;Asna1;Ndufs7;Sycp3;Fam129b;Pltp;Kank1;Ldha;Icam1;Slc35a2;Cltb;Fbxo31;Idh2;Frem2;Cd14;Prdx2;Gnai2;Ddc;Smyd1;Ccnd2;Ndufa13;Tbc1d9b;Sbno2;Cnr1;Amt;Mog;Nudt4;Itih5;Pdxdc1;Mgat3;Nr1h2;Vim;Hap1;Ip6k1;Coq7;Fat3;Mbnl2;Tle1;Il13ra1;Mtmr3;Pnpla2;Mxra7;Pros1;Mcl1;Cdkn1a;Atp6ap1;Dusp4;Tmc7;Myo1c;Kpna3;Amigo2;Ralgds;Steap4;Cnn3;Lman2l;Atp5g1;Lgals3;Mia2;Sfxn5;Cd109;Myo18a;Kif5c;Dhrs7b;Ifi27;Slc43a3;Ampd3;Larp1b;Ppp1r15a;Capg;Commd10;Map3k6;Igfbp4;Xaf1;Txndc15;Ednrb;Cavin1;Cops6;Tmed2;Ndufv2;Kctd1;Mlh3;Synpo;Pmm1;Scg5;Dbi;Ptprd;Gabarapl1;Sox2;Nf2;Snapc2;Tnfaip6;Hspb1;Mfhas1;Rnps1;Sdhc;Smox;Arl6ip1;Ehd3;Ifitm3;Serping1;Sult1a1;Sat1;Ncan;Lrtm2;Arid5a;Usp24;Fuz;Ptp4a2;Tuba4a;Rpl4;Fam107a;Ndufc2;Kctd10;Eif3f,0,IPA;JASPAR-TRANSFAC;,0.195121951,+,0.638888889,=,0,=,0
Pou5f1,Sertad3;Tspan6;Astn1;Rlbp1;Map1lc3b;Ptprn;Hadh;Hdac2;Mapk4;Spen;Eif4g3;Ctdsp2;Nap1l1;Nln;Phgdh;Bcs1l;Fgfr1;Plce1;Carhsp1;Rras;Anxa7;Slc39a14;Fnbp1l;G6pc3;Slc39a10;Tsc22d4;Paqr7;Arhgap21;Msx1;Tnr;Slc38a3;Ddost;Slc4a8;Gpr179;Lgals9;Ucp2;Crispld2;Trim8;Ahnak;Eif4g1;Marcks;Slc30a1;Lrig1;Olfml3;Tpm3;Timp1;Cyc1;Cox5a;Sgce;Oasl2;Mt1;Adi1;Rpl41;Usp18;Ndufs7;Gprc5b;Amotl2;Tapbp;Akap2;Gjb2;Adcy2;Kremen1;Tst;Lrrc59;Sbsn;Rgl1;Stk25;Slc35b2;Clip3;Brd2;Them4;Slc35a2;Icam1;Emg1;Cdc42se1;Bcl3;Golga4;Lcn2;Cyr61;Frem2;Apod;Cd14;Dhrs7;Prdx2;Cebpd;Asxl1;Psat1;Gnai2;Ddc;Mark3;Mylk;Nsg2;Tmco1;Ndufa13;Chchd3;Cnr1;Ece2;Fus;Amt;Mog;Icosl;Capn2;Nudt4;Galr3;Snrk;Mgat3;Sqle;Vim;Hap1;Mat2a;Fbln5;Negr1;A4galt;Ppp1r9b;Qk;Kif5a;Mbnl2;Scd1;Fat3;Wls;Gja1;Tle1;Mtmr3;Macf1;Mgll;Mcl1;Capn5;Abl1;Cdkn1a;Gpx1;Mvk;Junb;Enpp2;Fos;Serpina3h;Dusp4;Entpd6;Irak3;Tmc7;Myo1c;Kpna3;Amigo2;Ralgds;Sfxn1;Stim1;Smg5;Cnn3;Padi2;Camk2n1;Sfxn5;Tmem140;Cd109;Myo18a;Kcnc3;Dhrs7b;Gbp2;Taldo1;Fjx1;Ephx2;Cxcl10;Ndufb10;Ccnh;Tnfrsf1a;Bst2;Enoph1;Eef1a1;Mbp;Fbxo2;E2f5;Slc1a4;Camta1;Efhd1;Unc13a;Rab33b;Stat1;Ntm;Tmem47;Cavin1;Pfkl;Gsta4;Jam2;Agpat5;Rnf10;Tgm1;9530068e07rik;Snx5;Calr;Ndufv2;Mlh3;Kctd1;Tmsb4x;Ifit1;Cdc37l1;Mtch1;Atoh8;Calm1;Fmc1;Socs3;Zbtb16;Midn;Tgm2;Vamp1;Bag1;Rasgrf2;Sox2;Ptprd;Nf2;Mobp;Ppard;Hspb1;Sncb;Tnfaip6;Rhof;Srr;Sorbs1;Tead3;Gfra1;Cxcl12;Adamtsl2;Spp1;Pllp;Dhcr7;Smad1;Arhgap5;Tnk2;Tmem135;Cidea;Ehd3;Ifitm3;Eef2k;Ctnna2;Sult1a1;Flot1;Stat3;Sat1;Reep3;Zc3hav1;Fez1;Rarg;Cic;Stard7;Atf4;Mustn1;Dner;Gbp5;Hlf;Myoc;Gse1;Irf1;Cstf2t;Cuedc2;Rtp4;Ifrd1;Slc44a1;Bmpr1a;Fuz;Slc39a1;H2-t23;Prkcd;Spry2;Tuba4a;Gap43;Reep1;Mdk;Farp1;Asrgl1;Sirpa;Tagln3,0,IPA;Chea,0.363143631,+,0.593283582,=,0,=,0
Ppard,Ndst1;Map1lc3b;Etfb;Trim9;Ypel3;Ctdsp2;Plod2;Fgfr1;Senp8;Phgdh;Ctnna1;Carhsp1;Fth1;Lxn;Cldn10;Nfkbiz;Col1a1;Ddost;S100a6;Slc13a3;Ucp2;Trim8;Ahnak;Marcks;Lrrc8a;Olfml3;Tnfrsf12a;Dlg5;Asna1;Gadd45b;Adi1;Cdc42ep1;Fam129b;Amotl2;Akap2;Gpm6a;Clip3;Pltp;Kank1;Icam1;Emg1;Fbxo31;Vldlr;Glipr2;Cyr61;Prkag2;Prdx2;Rida;Cebpd;Psat1;Gnai2;Mylk;Irf9;Capn2;Ahcyl1;Nr1h2;Tspan31;Negr1;Vim;Fbln5;Apoh;Mbnl2;Gja1;Mtmr3;Mxra7;Abl1;Cdkn1a;Clec3b;Insig1;Fos;Slc7a10;Amigo2;Endou;Ralgds;Sfxn1;Gnb5;Efr3b;Tmem140;Cd109;Myo18a;Taldo1;Myo6;Slc43a3;Tinagl1;Slc25a18;Hey2;Slc14a2;Ccnh;Tnfrsf1a;Eif2ak2;Mbp;Zbtb42;Camta1;Plxnd1;Lgals1;Efhd1;Igfbp4;Ntm;Txndc15;Cops6;Col4a2;Rnf10;Agpat5;Snx5;Tmed2;Ndufv2;Synpo;Atoh8;Socs3;Tgm2;Angptl4;Dbi;Ptprd;Sv2b;Ppard;Itm2c;Rhof;Gfra1;Gng12;Cxcl12;Mrpl41;Tspan4;Pllp;Dhcr7;Smox;Map7d1;Tmem135;Eef2k;Ergic1;Ifit2;Fam126a;Sqstm1;Reep3;Fez1;Neat1;Cstf2t;Vgll3;Ifrd1;Slc44a1;Rdh5;Usp24;Slc39a1;Ptp4a2;Spry2;S1pr1;Fads2;Reep1;Ndufc2;Steap3;Farp1;Sirpa;Cp;Eif3f,1.404031484,Chea,0.207317073,+,0.568627451,=,0,=,0
Prdm1,Mobp;Cnn3;Iqsec1;;Tnfaip6;Ak4;4-sep;Slc22a17;Cltb;Mia2;Astn1;Me1;Vldlr;Spen;Fndc5;Stxbp5l;Fjx1;Senp8;Alpl;Aplnr;Tinagl1;Gabarapl1;Lgi3;Psmb10;Hip1;Fth1;Eef2k;Slc39a14;Ergic3;Lxn;Nfkbiz;Zbtb42;Nit1;Fus;Lpar1;9-sep;Pdxdc1;Ddost;Lgals1;Atf4;Gbp5;Mustn1;Stat1;Myoc;Vim;Crispld2;Ednrb;Gsta4;Mgll;Pfkl;Col4a2;Mcl1;Pros1;Psmb8;Rsad2;Ptp4a2;Prkcd;Enpp2;Dctd;Asna1;Hhatl;Fos;S1pr1;Psd2;Dnm1;Sgpp1;Rph3a;Nrip3;Fabp7;Angptl4;Tapbp;Amotl2;Lamc1;Susd4,0,IPA;JASPAR-TRANSFAC;,0.098915989,+,0.561643836,=,0,=,0
Rarg,Cttn;Rhof;Echdc3;Timp3;Thrsp;Nupr1;Rras;Fth1;Ndufb10;Cyp2d22;Sat1;Pick1;Col1a1;Lrp1;Sqstm1;Rarg;Clcf1;Polr3h;Rhobtb3;Agpat1;Ifrd1;Tnfrsf12a;Capn5;Calr;Junb;Tns2;Cp;Parp3;Dusp4;Metrn;Dnm1;Midn;Lamc1;Gabarapl1,1.58965196,Chea,0.046070461,+,0.705882353,+,0.705882353,=,0
Rel,4-sep;Mprip;Sertad3;Rlbp1;Cacna2d3;Cdo1;Hdac2;Fads3;Phgdh;Akap13;Cldn10;Nfkbiz;Rcan2;Arhgap21;Eif1;Exd2;Rsad2;Gadd45b;Cdc42ep1;Lamc1;Pltp;Ifit3;Brd2;Ldha;Icam1;Cdc42se1;Bcl3;Lcn2;Luzp2;Psmb10;Smyd1;Ccnd2;Ndufa13;Ece2;Nudt4;Vim;A4galt;Tspan3;Bcl2l1;Pnpla2;Cdkn1a;Arhgef4;Hhatl;Atp6ap1;Fos;Dusp4;Kpna3;Erf;Endog;Taldo1;Gbp2;C1ql1;Cxcl10;Ccnh;Bst2;Camta1;Plxnd1;Lgals1;Xaf1;Ednrb;Calr;Synpo;Cdc37l1;Arl6ip4;Tmem205;Gpd1;Ptgr2;Aldh1l1;Sncb;Fam241a;Sorbs1;Tead3;Tecr;Arl6ip1;Tshz1;Ergic1;Stat3;Fam126a;Lrtm2;Iigp1;Slc39a1;Ptp4a2;Fads2;Ndufc2;Etfb;Fam107a,0,IPA;JASPAR-TRANSFAC;,0.116531165,+,0.593023256,=,0,=,0
Rela,Iqsec2;Rbm3;4-sep;Ndst1;Cttn;Lsr;Ywhae;Adora1;Cacna2d3;Map1lc3b;Tmem176b;Txndc5;Eif4g3;Mapk4;Fads3;Akap13;Ctnna1;Nupr1;Saa3;Plce1;Rras;Fth1;Anxa7;Slc39a14;Fnbp1l;Nfkbiz;Rfx3;Vhl;Col1a1;Tsc22d4;Paqr7;Cd34;Slc39a10;Usp54;Msx1;S100a6;Gpr179;Ezr;Ucp2;Crispld2;Trim8;Eif4g1;Ahnak;Marcks;Mamstr;Lrrc8a;Lrg1;Fkbp5;Timp1;Sun2;Flnc;Asna1;Gadd45b;Tns2;Samd14;Vta1;Gprc5b;Tspyl1;Fam129b;Gjb2;Tapbp;Amotl2;Adcy2;Nrip3;Hmgn1;Tst;Btbd1;Brd2;Ldha;Icam1;Slc35a2;Ppp1r1a;Bcl3;Glipr2;Lcn2;Cyr61;Apod;Cd14;Cebpd;Psmb10;Ablim2;Gnai2;Mylk;Tmco1;Ndufa13;Ccnd2;Sbno2;Ahcyl1;Snrk;Galr3;Mgat3;Ndufa11;Vim;Clcf1;Mat2a;Dhrs1;Qk;Coq7;A4galt;Rnf7;Mbnl2;Agpat1;Bcl2l1;Hr;Pgm5;Tle1;Macf1;Plekhm2;Mgll;Mcl1;Abl1;Cdkn1a;Mvk;Clec3b;Junb;Etl4;Hhatl;Fos;Ppp1r3g;Tmc7;Myo1c;Foxp4;Rhoj;Irf7;Stim1;Pigs;Rtn2;Atp5g1;Erf;Padi2;Lgals3;Myo18a;Dhrs7b;Taldo1;Tinagl1;Cxcl10;Slc14a2;Larp1b;Ppp1r15a;Enoph1;Eef1a1;Mbp;Nit1;Tom1;9-sep;Vdac2;Camta1;Plxnd1;Lgals1;Stat1;Xaf1;Ednrb;Drp2;Agpat5;9530068e07rik;Psmb8;Snx5;Lmf1;Ndufv2;Tgm1;Mlh3;Synpo;Rnf126;Arl6ip4;Rasl10b;Socs3;Tgm2;Pnpo;Tpt1;Aldh1l1;Thrsp;Nf2;Mvp;Eef1a2;Rhof;Gfra1;Dbp;Cxcl12;Adamtsl2;H2-d1;Spp1;Tspan4;Pllp;Cybb;Fndc5;Map7d1;Tshz1;Cidea;Hip1;Eps15;Ifitm3;Sult1a1;Ergic1;Sat1;Flot1;Stat3;Ncan;Lrp1;Sqstm1;Rarg;Gbp5;Irf1;Cuedc2;Bgn;Bmpr1a;Aqp4;Usp24;Rdh5;Retreg2;Ptp4a2;Prkcd;H2-k1;Triobp;Pamr1;S1pr1;Tspyl2;Mdk;Maff;Steap3;Asrgl1;Sirpa;Fyco1;Tagln3,0,IPA;JASPAR-TRANSFAC;Chea,0.302168022,+,0.64573991,=,0,=,0
Relb,Mobp;Snapc2;Iqsec1;;Chid1;Brd2;Rhof;Lsr;Slc35a2;Cltb;Gpx3;Cxcl12;Bcl3;Etfb;Tmem176b;Tspan4;Mtx1;Dhrs7b;Fndc5;Taldo1;Myo6;Shisa9;Arl6ip1;Ampd3;Nipsnap2;Rras;Carhsp1;Ergic3;Cxcl10;Tnfrsf1a;Enoph1;Mbp;Paqr7;9-sep;Rarg;Camta1;Tspan31;Gbp5;Mat2a;Prkag1;Stat1;Slc13a3;Kif5a;Irf1;Agpat1;Bcl2l1;Olfml3;Drp2;Aqp4;Osmr;Usp24;Lrg1;Retreg2;Ptp4a2;Cdkn1a;Asna1;Triobp;Dctd;Synpo;Atp6ap1;Tns2;Ifit1;Irak3;S1pr1;Tmem176a;Myo1c;Steap3;Asrgl1;Fabp7;Tpt1;Bag1;Ptgr2;Sfxn1;Btbd1;Aldh1l1,0,IPA;JASPAR-TRANSFAC;,0.101626016,+,0.573333333,=,0,=,0
Runx1,Rbm3;4-sep;Egln2;Ptprn;Spen;Bcs1l;Fth1;Col1a1;Usp54;Msx1;Arhgap21;Tnr;S100a6;Eif1;S100a11;Slc13a3;Exd2;Crispld2;Tspan7;Trim8;Mpz;Slc30a1;Sun2;Oasl2;Tns2;Myl12a;Tspyl1;Hmgn1;Them4;Fbxo31;Rida;Cebpd;Sbno2;Lpar1;Mgat3;Itih5;Fbln5;Adam15;Rhobtb3;Mvk;Etl4;Gria1;Clec3b;Tmc7;Kpna3;Smg5;Rtn2;Padi2;Mafk;Me1;Tmem140;Reep5;Pcp4l1;Endog;Slc43a3;Hey2;Ndufb10;Anapc4;Vdac2;Lgals1;Rab33b;Igfbp4;Fcgr2b;Zrsr1;Calr;Ndufv2;Tmsb4x;Socs3;Apip;Tgm2;Vamp1;Sv2b;Tnfaip6;Erbin;Gng12;H2-d1;Mrpl41;Cybb;Map7d1;Tmem9;Tmem135;Eps15;Serping1;Stat3;Ncan;Zc3hav1;Cic;Tmem35a;Fxyd6;Atf4;Dner;Tm9sf3;Irf1;Rtp4;Ifrd1;Spcs2;Tuba4a;Maff;Asrgl1;Tagln3;Serpina3f;Iqsec2;Cacna2d3;Map1lc3b;Hadh;Senp8;Akap13;Nupr1;Zyx;Carhsp1;Slc39a14;G6pc3;Cd34;Nfasc;Ezr;Prkag1;Arpc1b;Ucp2;Lrrc8a;Rcn2;Lgals3bp;Fkbp5;Gadd45b;Mt1;Adamts1;Usp18;Cdc42ep1;Rgl1;Mboat2;Brd2;Echdc3;Cdc42se1;Lcn2;Frem2;Cd14;Prkag2;Prdx2;Asxl1;Hjurp;Mylk;Ndufa13;Irf9;Mog;Galr3;Kcna1;Pdxdc1;Ndufa11;Hap1;Clcf1;Coq7;Kif5a;Olfm1;Tle1;Plekhm2;Junb;Slc7a10;Psd2;Foxp4;Slc22a4;Iqsec1;Lgals3;Myo18a;Zfp503;Kif5c;Dhrs7b;Gbp2;Btbd3;Ergic3;Calm3;Tnfrsf1a;Hspb6;Larp1b;Capg;Slc1a4;Camta1;Commd10;Unc13a;Efhd1;Col4a2;Kctd1;Cdc37l1;Midn;Pnpo;Angptl4;Eef1a2;Rhof;Rnps1;Fam92b;Arl6ip1;Hip1;Eef2k;Sult1a1;Fam126a;Flot1;Erp29;Rarg;Tmem33;Ptdss1;Gbp5;Neat1;Gse1;Cstf2t;Col23a1;Rdh5;Ptp4a2;Prkcd;Triobp;Pamr1;Cd302;Reep1;Ndufc2;Sirpa;Ttll9;Mprip;Lsr;Omg;Mtx1;Ypel3;Hdac2;Fgfr1;Phgdh;Ctnna1;Anxa7;Tppp;Cldn10;Arl5c;Marcks;Lrig1;Tnfrsf12a;Timp1;Asna1;Apln;Vta1;Ndufs7;Adcy2;Akap2;Kremen1;Lamc1;Ifi204;Ifit3;Slc35a2;Icam1;Bcl3;Idh2;Ablim2;Gnai2;Capn2;Fus;Amt;Vim;Mat2a;A4galt;Rnf7;Tspan3;Fat3;Mbnl2;Bcl2l1;Pygb;Gja1;Pgm5;Mxra7;Marco;Gbp3;Cdkn1a;Atl2;Insig1;Hhatl;Dusp4;Myo1c;Hrct1;Sfxn1;Gnb5;Stim1;Efr3b;Atp5g1;Lman2l;8-mar;Sfxn5;Kcnc3;Taldo1;Aplnr;Tinagl1;Entpd5;Ccnh;1700025g04rik;Enoph1;Mbp;Nit1;Fbxo2;Plxnd1;Paqr8;Ank;Txndc15;Agpat5;Tgm1;9530068e07rik;Snx5;Lmf1;Mlh3;Cadm3;Tmem205;Mtch1;Calm1;Dnm1;Zbtb16;Hdac7;Scg5;Tpt1;Gpd1;Ctsl;Bag1;Dbi;Aldh1l1;Ptprd;Gabarapl1;Nf2;Snapc2;Thrsp;Hspb1;Sncb;Itm2c;Chid1;Shisa5;Tead3;Tecr;Fndc5;Tshz1;Ehd3;Ifitm3;Dbndd2;Ergic1;Lrp1;Fez1;Oasl1;Myoc;Ggta1;Gas5;Gt(rosa)26sor;Arid5a;Haghl;Slc44a1;Fads2;Rpl4;Sgpp1;Ppa2;Steap3;Etfb;Kctd10;Fam107a;Ndst1;Cttn;Sertad3;Astn1;Adora1;Cmtm5;Trim9;Mapk4;Fads3;Slc25a5;Plce1;Fnbp1l;Nfkbiz;Rfx3;Slc39a10;Paqr7;Slc38a3;Msn;Col16a1;Lgals9;Olfml3;Tpm3;Cox5a;Adi1;Rpl41;Sycp3;Fam129b;Amotl2;Gjb2;Stk25;Cltb;Glipr2;Tmx2;Chchd3;Ddc;Tbc1d9b;Tmco1;Ccnd2;Zfp869;Nudt4;Sqle;Ppp1r9b;Agpat1;Pnpla2;Macf1;Abl1;Arhgef4;Fos;Rhoj;Ralgds;Irf7;Rph3a;Fnta;Erf;Coro1c;Mia2;Stxbp5l;Myo6;Bst2;Eif2ak2;Eef1a1;Tom1;9-sep;Map3k6;Stat1;Cavin1;Ppp1r1b;Rnf126;Ifit1;Arl6ip4;Atoh8;Fabp7;Gdf10;Susd4;Mobp;Ppard;Gab2;Mfhas1;Tmem9b;Sorbs1;Dbp;Cxcl12;Adamtsl2;Spp1;Ctxn1;Tspan4;Pllp;Smox;Sdhc;Tnk2;Ccdc190;Sema3g;Sqstm1;Reep3;Lrtm2;Tmem59;Stard7;Mustn1;Ramp1;Usp24;Aqp4;Fuz;Retreg2;Sccpdh;Man2a2;Gap43;Tspyl2;Fyco1,0,IPA;JASPAR-TRANSFAC;Chea,0.619241192,+,0.584245077,=,0,=,0
Runx2,Serpina3f;Iqsec2;Rbm3;Ndst1;Mprip;Cttn;Lsr;Sertad3;Astn1;Rlbp1;Kctd10;Cacna2d3;Map1lc3b;Tmem176b;Txndc5;Cdo1;Spen;Eif4g3;Plod2;Fgfr1;Mapk4;Nap1l1;Fads3;Phgdh;Alpl;Akap13;Ctnna1;Nupr1;Zyx;Plce1;Rras;Sel1l3;Fth1;Slc39a14;G6pc3;Cldn10;Fnbp1l;Tppp;Rfx3;Serpina3m;Col1a1;Tsc22d4;Cd34;Paqr7;Tmem86a;Nfasc;Slc39a10;Rcan2;Arhgap21;Msx1;Msn;S100a6;Prkag1;S100a11;Lgals9;Slc13a3;Exd2;Ucp2;Eif1;Arl5c;Trim8;Bcl7a;Ahnak;Mamstr;Marcks;Lrig1;Lrrc8a;Olfml3;Tpm3;Tnfrsf12a;Qdpr;Timp1;Lgals3bp;Fkbp5;Rcn2;Dlg5;Sgce;Gadd45b;Tns2;Adi1;Adamts1;Ndufs7;Gprc5b;Tspyl1;Cdc42ep1;Fam129b;Amotl2;Tapbp;Akap2;Kremen1;Lamc1;Btbd1;Gpm6a;Ifi204;Pltp;Slc35b2;Ifit3;Brd2;Ldha;Them4;Echdc3;Emg1;Laptm4a;Fbxo31;Glipr2;Luzp2;Cyr61;Apod;Cd14;Dhrs7;Prkag2;Cebpd;Asxl1;Psmb10;Ablim2;Mark3;Gnai2;Ddc;Nsg2;Mylk;Smyd1;Hjurp;Sbno2;Ahcyl1;Mog;Capn2;Zfp869;Lpar1;Nudt4;Kcna1;Cmpk2;Pdxdc1;Vim;Clcf1;Gdpd2;Mat2a;Negr1;Qk;Ppp1r9b;Rhobtb3;Apoh;Coq7;Fat3;Olfm1;Pygb;A4galt;Mgll;Wls;Tle1;Macf1;Mcl1;Mxra7;Abl1;Cdkn1a;Etl4;Capn5;Marco;Clec3b;Hhatl;Atp6ap1;Junb;Dctd;Insig1;Irak3;Fos;Tmc7;Amigo2;Endou;Slc22a4;Ralgds;Irf7;Pigs;Rph3a;Erf;Rtn2;Cnn3;Atp5g1;Iqsec1;Coro1c;Padi2;Lgals3;Mia2;Camk2n1;Mafk;Sfxn5;Myo18a;Reep5;Chst2;Kif5c;Endog;Stxbp5l;Fjx1;Btbd3;Slc25a18;Ampd3;Ephx2;Slc14a2;Hspb6;Anapc4;Eef1a1;Zbtb42;Nit1;Mbp;Fbxo2;Tom1;E2f5;Capg;Paqr8;Lgals1;Igfbp4;Stat1;Tmem47;Fcgr2b;Cavin1;Gsta4;Agpat5;Psmb8;Ppp1r1b;Synpo;Tmsb4x;Tmem205;Rasl10b;Atoh8;Calm1;Dnm1;Socs3;Hdac7;Zbtb16;Tgm2;Scg5;Ptn;Angptl4;Gdf10;Ptgr2;Ptprd;Mobp;Nf2;Agap3;Hspb1;Ppard;Chid1;Itm2c;Mfhas1;Rnps1;Gab2;Srr;Sorbs1;Gfra1;Dbp;Gng12;Cxcl12;Spp1;Adamtsl2;Tspan4;Fam92b;Dhcr7;Smad1;Timp3;Nkain4;Nipsnap2;Eps15;Hip1;Ifitm3;Ctnna2;Sult1a1;Cyp2d22;Ergic1;Ifit2;Pick1;Stat3;Def8;Sqstm1;Lrp1;Rarg;Erp29;Cic;Tmem59;Oasl1;Mustn1;Ramp1;Gbp5;Dner;Ggta1;Polr3h;Neat1;Gse1;Irf1;Vgll3;Haghl;Pmp2;Bgn;Usp24;Osmr;Slc39a1;C4b;Ptp4a2;Prkcd;Triobp;Spry2;Man2a2;Fads2;Cd302;Sgpp1;Mdk;Synm;Tspan33,0,IPA;JASPAR-TRANSFAC;Chea,0.414634146,+,0.614379085,=,0,=,0
Smad1,Ttll9;Astn1;Adora1;Ptprn;Spen;Alpl;Bcs1l;Slc25a5;Slc39a14;Slc39a10;Col1a1;Cd34;Paqr7;Lcat;Nfasc;Tnr;Mpz;Gadd45b;Apln;Rpl41;Tspyl1;Rgl1;Lamc1;Stk25;Ifi204;Echdc3;Icam1;2900097c17rik;Frem2;Asxl1;A730017l22rik;Psmb10;Hjurp;Ddc;Tmco1;Cnr1;Capn2;Nudt4;Itih5;Vim;Hap1;Qk;Bcl2l1;Pygb;Gja1;Marco;Mcl1;Cdkn1a;Arhgef4;Etl4;Ralgds;Cnn3;Lman2l;Kif5c;Pcp4l1;Endog;4930402h24rik;Fjx1;Btbd3;Ergic3;1700025g04rik;Nit1;Paqr8;Efhd1;Stat1;Fcgr2b;Jam2;Snx5;Cadm3;Socs3;Apip;Tgm2;Scg5;Dbi;Sox2;Susd4;Tnfaip6;Itm2c;Rhof;Spp1;Smad1;Sdhc;Smox;Tmem9;Eps15;Ccdc190;Reep3;Stard7;Fxyd6;Ramp1;Dner;Myoc;Gas5;Irf1;Arid5a;Retreg2;Pamr1;Sccpdh;Tuba4a;Steap3;Sirpa,1.422134429,IPA;Chea,0.136856369,+,0.524752475,=,0,=,0
Smad3,Ndst1;4-sep;Cttn;Sertad3;Adora1;Sbds;Etfb;Omg;Tmem176b;Eif4g3;Ctdsp2;Plod2;Fgfr1;Senp8;Akap13;Alpl;Shisa9;Zyx;Plce1;Carhsp1;Slc39a14;Fnbp1l;Klc3;Rfx3;Col1a1;Paqr7;Tmem86a;Nfasc;Arhgap21;Tnr;Slc38a3;Col16a1;Ezr;Eif1;Lgals9;Slc13a3;Arl5c;Crispld2;Trim8;Ahnak;Marcks;Slc30a1;Lrig1;Lrrc8a;Tpm3;Tnfrsf12a;Timp1;Atp6v1a;Dlg5;Sgce;Gadd45b;Ndufs7;Fam129b;Amotl2;Adcy2;Akap2;Lamc1;Btbd1;Slc35b2;Mboat2;P4ha1;Kank1;Brd2;Ldha;Them4;Gpx3;Bcl3;Vldlr;Golga4;Glipr2;Luzp2;Cyr61;Frem2;Apod;Dhrs7;Prkag2;Frmpd1;Ablim2;Mark3;Gnai2;Ddc;Mylk;Ccnd2;Cnr1;Ece2;Lpar1;Itih5;Cmpk2;Pdxdc1;Vim;Negr1;Clcf1;Gdpd2;Ip6k1;A4galt;Rhobtb3;Fat3;Rnf7;Mbnl2;Apoh;Bcl2l1;Olfm1;Gja1;Tle1;Pnpla2;Mgll;Macf1;Amot;Plekhm2;Mxra7;Mcl1;Abl1;Cdkn1a;Capn5;Etl4;Junb;Dctd;Gria1;Atl2;Arhgef4;Fos;Irak3;Dusp4;Amigo2;Foxp4;Rhoj;Ralgds;Gnb5;Rph3a;Cnn3;Coro1c;Lgals3;Mia2;Mafk;Cd109;Reep5;Taldo1;Stxbp5l;Smo;Tinagl1;Btbd3;Ampd3;Cxcl10;Calm3;Slc14a2;Tnfrsf1a;Ppp1r15a;Eef1a1;Fbxo2;Ntsr2;Vdac2;Camta1;Rab33b;Stat1;Ntm;Fcgr2b;Cavin1;Pfkl;Jam2;Snx5;Kctd1;Synpo;Cdc37l1;Tmem205;Rasl10b;Atoh8;Tmem176a;Socs3;Zbtb16;Tgm2;Znfx1;Angptl4;Sox2;Gabarapl1;Nf2;Mvp;Sv2b;Ppard;Hspb1;Ptprd;Rhof;Gab2;Gfra1;Gng12;Spp1;Tspan4;Pllp;Fam92b;Smad1;Smox;Fndc5;Timp3;Tnk2;Tmem135;Nkain4;Cidea;Hip1;Ehd3;Serping1;Ergic1;Stat3;Sat1;Flot1;Lrp1;Def8;Reep3;Rarg;Lrtm2;Cic;Erp29;Gbp5;Hlf;Gas5;Neat1;Gse1;Slc5a3;Cstf2t;Arid5a;Col23a1;Ifrd1;Paqr6;Bgn;Usp24;Spcs2;Spry2;S1pr1;Fads2;Rpl4;Gap43;Reep1;Sgpp1;Mdk;Farp1;Sirpa;Cp;Synm;Fam107a,0,IPA;Chea,0.321138211,+,0.620253165,=,0,=,0
Smad4,4-sep;Mprip;Cttn;Ywhae;Astn1;Adora1;Egln2;Cacna2d3;Etfb;Omg;Hadh;Hdac2;Spen;Mapk4;Fgfr1;Prrc2b;Nap1l1;Eif4g3;Bcs1l;Alpl;Shisa9;Nupr1;Akap13;Sel1l3;Zyx;Rdh12;Ifit3b;Plce1;Carhsp1;Anxa7;Fnbp1l;Nfkbiz;Rfx3;Slc39a10;Tsc22d4;Cd34;Usp54;Tmem86a;Nfasc;Arhgap21;Rcan2;Tnr;Ddost;Slc4a8;S100a6;Prkag1;S100a11;Lgals9;Slc13a3;Crispld2;Trim8;Tspan7;Ahnak;Marcks;Slc30a1;Lrrc8a;Rcn2;Lgals3bp;Timp1;Fkbp5;Atp6v1a;Dlg5;Flnc;Gadd45b;Tns2;Myl12a;Tspyl1;Cdc42ep1;Amotl2;Adcy2;Tapbp;Akap2;Rgl1;Lamc1;Kremen1;Btbd1;Hmgn1;Gpm6a;Mboat2;P4ha1;Kank1;Ifit3;Brd2;Ldha;Icam1;Slc35a2;Them4;Echdc3;Fbxo31;Glipr2;Txndc16;Idh2;Tmx2;Cyr61;Frem2;Apod;Cd14;Dhrs7;Prkag2;Rida;Asxl1;Frmpd1;Ablim2;Mark3;Gnai2;Chchd3;Ddc;Mylk;Ccnd2;Ndufa13;Tmco1;Ece2;Ahcyl1;Capn2;Lpar1;Amt;Mgat3;Itih5;Cmpk2;Kcna1;Vim;Negr1;Fbln5;Ip6k1;Clcf1;Qk;Rhobtb3;Rnf7;Apoh;Fat3;Mbnl2;Olfm1;Pygb;Gja1;Tle1;Mgll;Amot;Bcl2l1;Agpat1;Pnpla2;Plekhm2;Mcl1;Mxra7;Marco;Cdkn1a;Arhgef4;Gria1;Insig1;Atl2;Hhatl;Enpp2;Dctd;Fos;Irak3;Dusp4;Amigo2;Foxp4;Endou;Ralgds;Slc22a4;Efr3b;Sfxn1;Rph3a;Fnta;Rtn2;Cnn3;Iqsec1;Coro1c;Camk2n1;Mafk;8-mar;Me1;Myo18a;Cd109;Chst2;Kif5c;Kcnc3;Dhrs7b;4930402h24rik;Taldo1;Smo;Myo6;Stxbp5l;Fjx1;Fkbp9;Btbd3;Tinagl1;Ampd3;C1ql1;Ephx2;Ergic3;Calm3;Ccnh;Larp1b;Slc14a2;1700025g04rik;Enoph1;Eef1a1;Bst2;Mbp;Capg;9-sep;Vdac2;Slc1a4;Camta1;Commd10;Rab33b;Stat1;Ntm;Fcgr2b;Pfkl;Jam2;Agpat5;Psmb8;Lmf1;Ndufv2;Kctd1;Mlh3;Synpo;Cadm3;Ifit1;Tmem205;Arl6ip4;Rasl10b;Atoh8;Calm1;Zbtb16;Hdac7;Apip;Znfx1;Pnpo;Tgm2;Ptn;Angptl4;Tpt1;Vamp1;Gpd1;Aldh1l1;Ptprd;Susd4;Nf2;Sv2b;Agap3;Tnfaip6;Ak4;Fam241a;Itm2c;Mfhas1;Ppard;Shisa5;Srr;Erbin;Sorbs1;Gfra1;Gab2;Tmem9b;Cxcl12;Gng12;Pllp;Tspan4;Dhcr7;Smad1;Smox;Timp3;Map7d1;Tnk2;Aspg;Tmem9;Tshz1;Cidea;Tmem135;Nipsnap2;Ehd3;Ctnna2;Dbndd2;Ergic1;Ifit2;Fam126a;Flot1;Def8;Lrp1;Zc3hav1;Rarg;Reep3;Erp29;Stard7;Tmem33;Wfs1;Fxyd6;Ramp1;Gbp5;Hlf;Ggta1;Tm9sf3;Gse1;Gas5;Slc5a3;Col23a1;Vgll3;Paqr6;Slc44a1;Bgn;Usp24;Bmpr1a;Aqp4;Retreg2;Triobp;Spry2;Fads2;S1pr1;Gap43;Fam107a;Cd302;Reep1;Sgpp1;Mdk;Ppa2;Farp1;Steap3;Sirpa;Cp;Synm;Tspan33;Emp2,0,IPA;JASPAR-TRANSFAC;Chea,0.43902439,+,0.564814815,=,0,=,0
Smarca4,Adora1;Sbds;Omg;Trim9;Hdac2;Eif4g3;Fads3;Nln;Ctnna1;Sel1l3;Carhsp1;Fth1;Anxa7;Tppp;Klc3;Nfkbiz;Rfx3;Col1a1;Cd34;Paqr7;Usp54;Tmem86a;Nfasc;Arhgap21;Msx1;Tnr;Col16a1;Slc4a8;S100a6;Ezr;Arpc1b;Lgals9;Ahnak;Pla2g7;Fkbp5;Cyc1;Gadd45b;Mt1;Rpl41;Vta1;Adamts1;Nrip3;Akap2;Lamc1;Stk25;Gpm6a;Mboat2;Kank1;Brd2;Ldha;Icam1;Slc22a17;Golga4;Cyr61;Psat1;Chchd3;Mylk;Ccnd2;Cnr1;Amt;Nudt4;Sqle;Vim;Clcf1;Adam15;Negr1;Qk;Ppp1r9b;Fat3;Tspan3;Mbnl2;Mapk3;Bcl2l1;Gja1;Mgll;Sdc2;Tle1;Capn5;Gpx1;Cdkn1a;Nrep;Junb;Fos;Dusp4;Sfxn1;Stim1;Fnta;Coro1c;Lgals3;Mafk;Myo18a;Taldo1;Smo;Slc43a3;Fkbp9;Btbd3;Ampd3;Ephx2;Slc14a2;Ccnh;Ndufb10;Eef1a1;Mbp;Ccp110;Plxnd1;Lgals1;Commd10;Igfbp4;Ntm;Ednrb;Zfp703;Jam2;Ndufv2;Cadm3;Cdc37l1;Col5a3;Atoh8;Mtch1;Fmc1;Zbtb16;Scg5;Ptn;Tpt1;Bag1;Aldh1l1;Sox2;Gabarapl1;Mobp;Snapc2;Nf2;Thrsp;Hspb1;Ppard;Sv2b;Rhof;Gab2;Rnps1;Erbin;Gfra1;Spp1;Dhcr7;Smox;Arhgap5;Timp3;Tmem135;Eps15;Ifitm3;Ctnna2;Fam126a;Stat3;Reep3;Sqstm1;Erp29;Tmem59;Ramp1;Tm9sf3;Gse1;Irf1;Slc5a3;Pmp2;Slc44a1;Usp24;Osmr;Bmpr1a;Ptp4a2;Spry2;Gap43;Maff;Ppa2;Ndufc2;Asrgl1;Farp1;Cp;Kctd10;Eif3f,0,IPA;Chea,0.237127371,+,0.588571429,=,0,=,0
Sox2,Tspan6;Egln2;Ptprn;Cdo1;Bcs1l;Sel1l3;Fth1;Col1a1;Usp54;Arhgap21;Msx1;Tnr;Slc4a8;Gpr179;Eif1;S100a11;Exd2;Crispld2;Trim8;Ahnak;Mpz;Slc30a1;Cyc1;Atp6v1a;Sun2;Oasl2;Tns2;Myl12a;Samd14;Hmgn1;Gpm6a;Them4;Ppp1r1a;Laptm4a;Fbxo31;Vldlr;Cyr61;Rida;Cebpd;Nsg2;Smyd1;Cnr1;Mgat3;Itih5;Adam15;Scd1;Tpi1;Il13ra1;Gpx1;Etl4;Mvk;Clec3b;Gria1;Enpp2;Tmc7;Kpna3;Rtn2;Padi2;Camk2n1;Me1;Tmem140;Reep5;Cd109;Pcp4l1;Endog;Smo;Fjx1;Slc43a3;Ephx2;Hey2;Ndufb10;Anapc4;Vdac2;Lgals1;Rab33b;Tmem47;Fcgr2b;Ednrb;Gsta4;Calr;Ndufv2;Rasl10b;Tmem176a;Socs3;Apip;Tgm2;Vamp1;Rasgrf2;Mvp;Agap3;Tnfaip6;Gfra1;Gng12;Map7d1;Tmem9;Tmem135;Cidea;Eps15;Serping1;Stat3;Ncan;Zc3hav1;Cic;Fxyd6;Atf4;Dner;Tm9sf3;Irf1;Rtp4;Ifrd1;Spcs2;Asrgl1;Adcyap1r1;Tagln3;Iqsec2;Cacna2d3;Hadh;Plod2;Senp8;Akap13;Nupr1;Saa3;Zyx;Carhsp1;Slc39a14;G6pc3;Cd34;Nfasc;Ezr;Prkag1;Arpc1b;Ucp2;Lgals3bp;Lrg1;Fkbp5;Gadd45b;Mt1;Usp18;Cdc42ep1;Rgl1;Mboat2;Echdc3;Cdc42se1;Golga4;Lcn2;Frem2;Cd14;Prkag2;Prdx2;Asxl1;Frmpd1;A730017l22rik;Psat1;Hjurp;Mylk;Mog;Galr3;Snrk;Ndufa11;Negr1;Clcf1;Kif5a;Amot;Olfm1;Tle1;Plekhm2;Junb;Dctd;Atp6ap1;Serpina3h;Psd2;Cnn3;Iqsec1;Lgals3;Myo18a;Zfp503;Kif5c;Dhrs7b;Gbp2;Btbd3;Ampd3;Slc25a18;Ergic3;Calm3;Hspb6;Ppp1r15a;Capg;Ntsr2;Slc1a4;Camta1;Commd10;Unc13a;Efhd1;Pfkl;Cops6;Col4a2;Rnf10;Kctd1;Synpo;Pmm1;Midn;Znfx1;Ptn;Angptl4;Eef1a2;Rhof;Srr;Rnps1;Fam92b;Hip1;Eef2k;Ctnna2;Sult1a1;Fam126a;Def8;Rarg;Erp29;Hlf;Gse1;Neat1;Cstf2t;Bmpr1a;Prkcd;Triobp;Pamr1;S1pr1;Reep1;Mdk;Farp1;Ndufc2;Sirpa;Tspan33;Ttll9;Lsr;Rlbp1;Ypel3;Ctdsp2;Hdac2;Fgfr1;Phgdh;Ctnna1;Ifit3b;Anxa7;Tppp;Serpina3m;Marcks;Bcl7a;Lrig1;Qdpr;Tnfrsf12a;Timp1;Dlg5;Asna1;Nrip3;Tapbp;Akap2;Adcy2;Lamc1;Sbsn;Clip3;Ifi204;Ifit3;Gpx3;Bcl3;Idh2;2900097c17rik;Luzp2;Ablim2;Gnai2;Ece2;Capn2;Amt;Fus;Nr1h2;Tspan31;Vim;A4galt;Rnf7;Tspan3;Mbnl2;Mapk3;Bcl2l1;Pygb;Gja1;Hr;Mgll;Mxra7;Pros1;Marco;Cdkn1a;Capn5;Gbp3;Insig1;Irak3;Ppp1r3g;Dusp4;Myo1c;Hrct1;Sfxn1;Gnb5;Steap4;Efr3b;Stim1;Atp5g1;Lman2l;Sfxn5;4930402h24rik;Taldo1;Aplnr;Tinagl1;Entpd5;Ccnh;1700025g04rik;Enoph1;Mbp;Nit1;Fbxo2;Plxnd1;Paqr8;Agpat5;Tgm1;Snx5;Mlh3;Cadm3;Tmem205;Calm1;Dnm1;Hdac7;Scg5;Tpt1;Ctsl;Bag1;Dbi;Aldh1l1;Ptprd;Gabarapl1;Nf2;Snapc2;Hspb1;Sncb;Chid1;Itm2c;Shisa5;Tead3;Urb1;Dhcr7;Arhgap5;Timp3;Tshz1;Ifitm3;Dbndd2;Ergic1;Ifit2;Sat1;Fez1;Oasl1;Myoc;Slc5a3;Arid5a;Vgll3;Slc44a1;Bgn;Fads2;Sgpp1;Ppa2;Steap3;Etfb;Kctd10;Ndst1;Cttn;Sertad3;Ywhae;Astn1;Cmtm5;Adora1;Trim9;Eif4g3;Mapk4;Fads3;Alpl;Slc25a5;Plce1;Rras;Lxn;Fnbp1l;Nfkbiz;Slc39a10;Msn;Col16a1;Lgals9;Mamstr;Olfml3;Tpm3;Cox5a;Flnc;Sgce;Adi1;Gprc5b;Fam129b;Amotl2;Gjb2;Tst;Stk25;Kank1;Ldha;Glipr2;Chchd3;Ddc;Ccnd2;Tmco1;Ahcyl1;Nudt4;Sqle;Apoh;Ppp1r9b;Wls;Sdc2;Macf1;Mcl1;Abl1;Arhgef4;Fos;Ralgds;Irf7;Rph3a;Fnta;Erf;Coro1c;Stxbp5l;Myo6;Ifi27;2210016f16rik;Slc14a2;Bst2;Eif2ak2;Eef1a1;Tom1;Osgep;Stat1;Cavin1;Jam2;Drp2;Rnf126;Ifit1;Atoh8;Fmc1;Fabp7;Sox2;Susd4;Mobp;Ppard;Gab2;Mfhas1;Slc6a8;Tmem9b;Sorbs1;Cxcl12;Spp1;Cyp51;Pllp;Smad1;Sdhc;Smox;Tnk2;Nipsnap2;Ccdc190;Sema3g;Reep3;Sqstm1;Lrtm2;Stard7;Ramp1;Usp24;Fuz;Slc39a1;Retreg2;Spry2;Man2a2;Sccpdh;Gap43;Chpt1;Fyco1;Cp;Emp2,0.695767248,IPA;Chea,0.655826558,+,0.570247934,=,0,=,0
Sox3,Rbm3;Ttll9;Ndst1;Mprip;Cttn;Egln2;Txndc5;Hadh;Spen;Ctdsp2;Plod2;Bcs1l;Alpl;Ctnna1;Nupr1;Sel1l3;Zyx;Fth1;Klc3;Nfkbiz;Col1a1;Cd34;Rcan2;Slc38a3;Col16a1;Ddost;Gpr179;Arpc1b;Eif1;Slc13a3;Crispld2;Trim8;Ahnak;Mpz;Bcl7a;Slc30a1;Cherp;Cyc1;Atp6v1a;Gadd45b;Oasl2;Tns2;Rpl41;Vta1;Adamts1;Usp18;Metrn;Cdc42ep1;Amotl2;Rgl1;Hmgn1;Adcy2;Lamc1;Irgm1;Clip3;Ifi204;Slc22a17;Laptm4a;Cdc42se1;Idh2;Cyr61;Frem2;Prdx2;Asxl1;Cebpd;Ablim2;Hjurp;Ddc;Nsg2;Plin4;Sbno2;Fus;Lpar1;Snrk;Itih5;Negr1;Hap1;Mat2a;Ip6k1;Vim;Rhobtb3;Rnf7;Ppp1r9b;Scd1;Agpat1;Bcl2l1;Pygb;Wls;Tpi1;Mgll;Pnpla2;Macf1;Mcl1;Etl4;Junb;Dctd;Insig1;Serpina3h;Dusp4;Endou;Slc22a4;Irf7;Steap4;Cnn3;Atp5g1;Iqsec1;Coro1c;Lgals3;Mia2;Me1;Zfp503;Btbd3;Tinagl1;C1ql1;Slc25a18;Cxcl10;Calm3;Larp1b;Anapc4;Ppp1r15a;9-sep;Slc1a4;Tmem147;Ifi47;Ntm;Cavin1;Drp2;Tgm1;Rnf126;Synpo;Cadm3;Ifit1;Arl6ip4;Col5a3;Tmem176a;Zbtb16;Midn;Hdac7;Fabp7;Angptl4;Dbi;Rasgrf2;Sox2;Susd4;Nf2;Sncb;Rnps1;Erbin;Cyp51;Fam92b;Smad1;Smox;Tmem9;Lgi3;Cyp2d22;Ifit2;Pick1;Stat3;Reep3;Zc3hav1;Ncan;Erp29;Rarg;Lrtm2;Wfs1;Lrp1;Atf4;Gbp5;Hlf;Polr3h;Tm9sf3;Neat1;Gt(rosa)26sor;Rtp4;1700086o06rik;Haghl;Ifrd1;Bgn;Bmpr1a;Slc39a1;Ptp4a2;Pamr1;Fads2;Tspyl2;Reep1;Chpt1;Mdk;D3ertd751e;Farp1;Sgpp1;Maff,0,IPA;Chea,0.258807588,+,0.638743455,=,0,=,0
Sp1,Iqsec2;Ttll9;Mprip;Sertad3;Tspan6;Egln2;Cacna2d3;Txndc5;Spen;Mapk4;Hdac2;Ctdsp2;Prrc2b;Fgfr1;Fads3;Senp8;Alpl;Slc25a5;Ctnna1;Nln;Sel1l3;Rras;Carhsp1;Zyx;Tppp;Bc005537;Col1a1;Lcat;Arhgap21;Ezr;Prkag1;Arpc1b;Trim8;Eif4g1;Slc30a1;Lrig1;Timp1;Cyc1;Atp6v1a;Sun2;Flnc;Mt1;Tns2;Samd14;Adi1;Adamts1;Fam129b;Gjb2;Adcy2;Hmgn1;Lamc1;Kremen1;Mboat2;Brd2;Icam1;Bcl3;Fbxo31;Idh2;Cebpd;Asxl1;Gnai2;Mylk;Ccnd2;Cnr1;Lpar1;Nudt4;Snrk;Itih5;Mgat3;Ndufa11;Vim;Adam15;Mat2a;Clcf1;Qk;Agpat1;Amot;Olfm1;Gja1;Hr;Mapk3;Pnpla2;Macf1;Mcl1;Capn5;Abl1;Cdkn1a;Gria1;Junb;Fos;Slc7a10;Dusp4;Myo1c;Kpna3;Amigo2;Foxp4;Slc22a4;Ralgds;Stim1;Rtn2;Iqsec1;Coro1c;Camk2n1;Reep5;Kcnc3;C1ql1;Hey2;Ephx2;Cxcl10;Larp1b;1700025g04rik;Eif2ak2;Enoph1;Zbtb42;Fbxo2;9-sep;Slc1a4;Camta1;Plxnd1;Paqr8;Igfbp4;Stat1;Zfp703;Pfkl;Jam2;Tgm1;Ppp1r1b;Kctd1;Rnf126;Pmm1;Calm1;Dnm1;Midn;Socs3;Hdac7;Znfx1;Ptn;Eci1;Sox2;Snapc2;Eef1a2;Ppard;Agap3;Ak4;Fam241a;Srr;Slc6a8;Erbin;Tead3;Dbp;Cxcl12;Spp1;Mrpl41;Tspan4;Fam92b;Fndc5;Timp3;Tnk2;Aspg;Tshz1;Hip1;Nipsnap2;Eps15;Ifitm3;Dbndd2;Sqstm1;Reep3;Lrp1;Rarg;Cic;Ptdss1;Hlf;Gse1;Irf1;Slc5a3;Haghl;Slc44a1;Bmpr1a;Retreg2;Ptp4a2;Prkcd;Triobp;Tspyl2;Chpt1;Mdk;Maff;Farp1;Ndufc2;Sirpa;Etfb,0,IPA;JASPAR-TRANSFAC;,0.257452575,+,0.657894737,=,0,=,0
Sp3,Iqsec2;Ttll9;Mprip;Wnk2;Sertad3;Astn1;Egln2;Cacna2d3;Txndc5;Eif4g3;Nln;Senp8;Ctnna1;Rras;Carhsp1;Tppp;Col1a1;Lcat;Arhgap21;Ezr;Prkag1;Lgals9;Ucp2;Eif4g1;Pla2g7;Slc30a1;Lrig1;Lrrc8a;Timp1;Fkbp5;Cyc1;Sun2;Flnc;Tns2;Mt1;Adamts1;Fam129b;Gjb2;Adcy2;Kremen1;Brd2;Bcl3;Gnai2;Mylk;Ccnd2;Cnr1;Lpar1;Zfp869;Itih5;Ndufa11;Vim;Mat2a;Amot;Pygb;Gja1;Hr;Olfm1;Macf1;Capn5;Abl1;Cdkn1a;Arhgef4;Junb;Hhatl;Fos;Slc7a10;Myo1c;Rhoj;Sfxn1;Irf7;Rtn2;Iqsec1;Coro1c;Padi2;Camk2n1;Chst2;Kcnc3;4930402h24rik;Stxbp5l;Cxcl10;Larp1b;Anapc4;Eif2ak2;Enoph1;Zbtb42;Eef1a1;9-sep;Plxnd1;Commd10;Stat1;Txndc15;Jam2;Tgm1;Rnf126;Pmm1;Gstt3;Col5a3;Calm1;Dnm1;Midn;Socs3;Fabp7;Lao1;Eef1a2;Rhof;Srr;Rnps1;Slc6a8;Erbin;Tead3;Cxcl12;Mrpl41;Tspan4;Fndc5;Arhgap5;Tnk2;Aspg;Hip1;Sqstm1;Lrp1;Fez1;Rarg;Lrtm2;Cic;Tmem35a;Ptdss1;Oasl1;Dner;Gse1;Slc5a3;Haghl;Paqr6;H2-t23;Prkcd;Triobp;Man2a2;Sgpp1;Mdk;Maff;Farp1;Fkbp3;Fyco1;Etfb;Tagln3,0,IPA;JASPAR-TRANSFAC;,0.195121951,+,0.659722222,=,0,=,0
Spi1,Rbm3;4-sep;Spen;Bcs1l;Sel1l3;Rdh12;Fth1;Usp54;Igtp;Slc4a8;S100a11;Exd2;Slc13a3;Trim8;Ahnak;Cherp;Fuom;Atp6v1a;Sun2;Tns2;Myl12a;Hmgn1;Ppp1r1a;Emg1;Laptm4a;Cebpd;Btbd17;Psmb10;Sbno2;Icosl;Itih5;Mgat3;Adam15;Rhobtb3;Gpx1;Clec3b;Enpp2;Gria1;Smg5;Rtn2;Padi2;Mafk;Tmem140;Reep5;Endog;Smo;Slc43a3;C1ql1;Anapc4;Lgals1;Rab33b;Igfbp4;Fcgr2b;Ednrb;Zrsr1;Gsta4;Tmsb4x;Gstt3;Socs3;Apip;Tgm2;Vamp1;Rasgrf2;Mvp;Erbin;Gng12;H2-d1;Cybb;Map7d1;Tmem135;Cidea;Eps15;Serping1;Stat3;Zc3hav1;Atf4;Tm9sf3;Irf1;Rtp4;Spcs2;Msrb1;Tuba4a;Asrgl1;Tagln3;Wnk2;Map1lc3b;Prrc2b;Akap13;Nupr1;Zyx;Carhsp1;G6pc3;Nfasc;Ezr;Prkag1;Arpc1b;Ucp2;Hacd3;Rcn2;Lrg1;Fkbp5;Gadd45b;Usp18;Rgl1;Slc35b2;Mboat2;Brd2;Echdc3;Cdc42se1;Frem2;Cd14;Prkag2;Prdx2;Asxl1;Frmpd1;Psat1;Hjurp;Mylk;Ndufa13;Irf9;Mog;Snrk;Galr3;Cmpk2;Pdxdc1;Ndufa11;Hap1;Clcf1;Coq7;Plekhm2;Junb;Dctd;Psd2;Amigo2;Slc25a34;Iqsec1;Naxd;Myo18a;Dhrs7b;Fkbp9;Btbd3;Ampd3;Cxcl10;Ergic3;Tnfrsf1a;Ppp1r15a;Ntsr2;Capg;Slc1a4;Car14;Commd10;Unc13a;Pfkl;Col4a2;Psmb8;Cdc37l1;Pnpo;Angptl4;Ptgr2;Rhof;Fam92b;Arl6ip1;Nkain4;Hip1;Eef2k;Ctnna2;Flot1;Erp29;Tmem33;Rarg;Ptdss1;Hlf;Neat1;Cstf2t;Cuedc2;C4b;Ptp4a2;Prkcd;Triobp;H2-k1;Cd302;Reep1;Farp1;Ndufc2;Sirpa;Ttll9;Mprip;Txndc5;Ypel3;Hdac2;Ctdsp2;Nln;Phgdh;Ifit3b;Anxa7;Cldn10;Lcat;Arl5c;Marcks;Bcl7a;Qdpr;Tnfrsf12a;Dlg5;Asna1;Vta1;Ndufs7;Tapbp;Lamc1;Kremen1;Btbd1;Ifit3;Icam1;Gpx3;Idh2;Gnai2;Ece2;Fus;Amt;Nr1h2;Vim;Mat2a;Tspan3;Bcl2l1;Pygb;Marco;Pros1;Capn5;Cdkn1a;Insig1;Hhatl;Irak3;Ppp1r3g;Dusp4;Myo1c;Fam120c;Efr3b;Stim1;Steap4;Atp5g1;Sfxn5;Taldo1;Aplnr;Tinagl1;Fbxo2;E2f5;Plxnd1;Agpat5;Mlh3;Dnm1;Zbtb16;Hdac7;Bag1;Dbi;Aldh1l1;Hspb1;Itm2c;Chid1;Shisa5;Tead3;Urb1;Tecr;Dhcr7;Arhgap5;Timp3;Fndc5;Aspg;Tshz1;Ehd3;Ifitm3;Dbndd2;Ergic1;Ifit2;Sat1;Oasl1;Ggta1;Gt(rosa)26sor;Slc5a3;Arid5a;Fads2;Rpl4;Ppa2;Steap3;Synm;Cttn;Ywhae;Cmtm5;Adora1;Sbds;Eif4g3;Alpl;Rras;Plce1;Nfkbiz;Slc39a10;Tsc22d4;Paqr7;Slc38a3;Msn;Ddost;Col16a1;Lgals9;Tpm3;Rsad2;Flnc;Adi1;Rpl41;Fam129b;Gjb2;Amotl2;Tst;P4ha1;Kank1;Emc3;Slc22a17;Cltb;Glipr2;Ccnd2;Tmco1;Plin4;Tbc1d9b;Ahcyl1;Zfp869;Sqle;Ppp1r9b;Apoh;Agpat1;Wls;Sdc2;Macf1;Mcl1;Fos;Rhoj;Ralgds;Irf7;Pigs;Rph3a;Fnta;Erf;Coro1c;Mia2;Chst2;Eif2ak2;Ccp110;Map3k6;Stat1;Cavin1;Ppp1r1b;Rnf126;Arl6ip4;Atoh8;Fmc1;Susd4;Mobp;Ppard;Mfhas1;Gab2;Tmem9b;Sorbs1;Dbp;Adamtsl2;Spp1;Cyp51;Ctxn1;Tspan4;Sdhc;Tnk2;Ccdc190;C1ra;Sema3g;Sqstm1;Tmem59;Ramp1;Paqr6;D8ertd738e;Usp24;Fuz;Retreg2;Spry2;Tspyl2;Chpt1;Fyco1;Cp,0,IPA;JASPAR-TRANSFAC;Chea,0.517615176,+,0.596858639,=,0,=,0
Srebf1,Iqsec2;Ttll9;Ndst1;Rlbp1;Tmem176b;Txndc5;Mtx1;Bcs1l;Alpl;Akap13;Nupr1;Slc39a14;Fnbp1l;G6pc3;Slc39a10;Col1a1;Lcat;Msn;Col16a1;Gpr179;Arpc1b;Lgals9;Ucp2;Crispld2;Ahnak;Lrig1;Tnfrsf12a;Fkbp5;Timp1;Sgce;Gadd45b;Metrn;Ndufs7;Gprc5b;Gpm6a;Pltp;Kank1;Brd2;Slc35a2;Gpx3;Cd14;Dhrs7;Rida;Cebpd;Gnai2;Capn2;Amt;Sqle;Ppp1r9b;Bcl2l1;Olfm1;Plekhm2;Capn5;Cdkn1a;Mvk;Clec3b;Insig1;Junb;Dctd;Irak3;Slc22a4;Efr3b;Irf7;Coro1c;Lgals3;Tmem140;Ampd3;Slc25a18;Hey2;Cxcl10;Ergic3;Nit1;9-sep;Osgep;Cops6;Ppp1r1b;Snx5;Tmed2;Arl6ip4;Calm1;Dnm1;Fabp7;Eci1;Dbi;Sox2;Thrsp;Mobp;Ak4;Chid1;Itm2c;Rnps1;Gfra1;Sc5d;Adamtsl2;Fam92b;Tspan4;Dhcr7;Cybb;Smad1;Tecr;Tnk2;Cidea;Nkain4;Serping1;Ergic1;Pick1;Stat3;Zc3hav1;Rarg;Fxyd6;Dner;Slc5a3;Irf1;Cuedc2;Ptp4a2;Triobp;Fads2;Reep1;Mdk;Farp1;Asrgl1;Adcyap1r1;Kctd10,0,IPA;JASPAR-TRANSFAC;,0.166666667,+,0.544715447,=,0,=,0
Srebf2,Nf2;;Eef1a2;Ak4;Chid1;Rhof;Ldha;Pltp;Cmtm5;Ppp1r1a;Emg1;Egln2;Sc5d;Map1lc3b;Bcl3;Sfxn5;Ctxn1;Lcn2;Dhcr7;Endog;Fgfr1;Prkag2;Tnk2;Slc43a3;Tinagl1;Nupr1;Plce1;Gnai2;Serping1;Dbndd2;Larp1b;Tnfrsf1a;Ergic1;Zbtb42;Vhl;Capn2;Lrp1;Tsc22d4;Sqstm1;9-sep;Sqle;Itih5;Mgat3;Ndufa11;Adam15;Prkag1;Igfbp4;Ucp2;Coq7;Cuedc2;Arid5a;Tle1;Pnpla2;Cherp;Agpat5;Mvk;Cdkn1a;Calr;Insig1;Fads2;Fos;Adamts1;Zbtb16;Fabp7;Eci1;Adcy2;Dbi;Thrsp,0,IPA;JASPAR-TRANSFAC;,0.092140921,+,0.529411765,=,0,=,0
Stat1,Iqsec2;Cttn;Wnk2;Sertad3;Tspan6;Ywhae;Adora1;Egln2;Map1lc3b;Tmem176b;Nln;Slc25a5;Nupr1;Rdh12;Zyx;Lxn;Nfkbiz;Igtp;Arhgap21;Msx1;Slc38a3;Col16a1;Ezr;Prkag1;Slc13a3;Tspan7;Mpz;Tpm3;Lgals3bp;Lrg1;Fkbp5;Rsad2;Gadd45b;Adamts1;Usp18;Cdc42ep1;Rgl1;Akap2;Tst;Lrrc59;Btbd1;Irgm1;Mboat2;Ifit3;Brd2;Icam1;Cltb;Lcn2;Apod;Cd14;Prkag2;Cebpd;Psmb10;Psat1;Ddc;Ccnd2;Irf9;Sbno2;Capn2;Mog;Itih5;Cmpk2;Fbln5;Rhobtb3;Rnf7;Bcl2l1;Amot;Olfm1;Sdc2;Mgll;Cdkn1a;Gria1;Clec3b;Insig1;Fos;Entpd6;Myo1c;Hrct1;Endou;Irf7;Rph3a;Lman2l;Padi2;Me1;Tmem140;Pcp4l1;Endog;Gbp2;Taldo1;Stxbp5l;Ifi27;Aplnr;Tinagl1;Btbd3;Ampd3;Fkbp9;Cxcl10;1700025g04rik;Eif2ak2;Enoph1;Nit1;Ntsr2;Vdac2;Ifi47;Plxnd1;Unc13a;Stat1;Xaf1;Fcgr2b;Ednrb;Drp2;Tgm1;Psmb8;Snx5;Mlh3;Synpo;Gstt3;Atoh8;Tmem176a;Socs3;Hdac7;Peg13;Ptn;Angptl4;Tpt1;Sox2;Rnps1;Tmem9b;Dbp;Fam92b;Arl6ip1;Ifitm3;Eef2k;Serping1;Dbndd2;Ifit2;Stat3;Flot1;Pick1;Lrp1;Rarg;Tmem59;Wfs1;Ramp1;Dner;Gbp5;Myoc;Tm9sf3;Gse1;Irf1;Arid5a;Rtp4;Vgll3;Ifrd1;Osmr;C4b;Retreg2;Ptp4a2;Triobp;Fads2;Gap43;Farp1;Steap3;Tagln3;Tspan33,1.025574822,IPA;JASPAR-TRANSFAC;Chea,0.223577236,+,0.648484848,=,0,=,0
Stat3,Rbm3;4-sep;Tspan6;Sel1l3;Rdh12;Col1a1;Rcan2;Igtp;Msx1;Tnr;Slc4a8;Eif1;Slc13a3;Crispld2;Trim8;Mpz;Slc30a1;Tns2;Hmgn1;Irgm1;Gpm6a;Ppp1r1a;Laptm4a;Fbxo31;Vldlr;Apod;Dhrs7;Rida;Cebpd;Smyd1;Cnr1;Sbno2;Lpar1;Itih5;Il13ra1;Gpx1;Mvk;Etl4;Enpp2;Tmc7;Smg5;Rtn2;Camk2n1;Me1;Cd109;Reep5;Pcp4l1;Endog;Smo;Fjx1;C1ql1;Hey2;Anapc4;Vdac2;Fcgr2b;Zrsr1;Ednrb;Ndufv2;Tmem176a;Socs3;Apip;Tgm2;Vamp1;Agap3;Tnfaip6;Gng12;Tmem9;Tmem135;Cidea;Eps15;Stat3;Zc3hav1;Cic;Fxyd6;Dner;Tm9sf3;Irf1;Rtp4;Ifrd1;Tuba4a;Asrgl1;Tagln3;Wnk2;Cacna2d3;Hadh;Plod2;Senp8;Akap13;Nupr1;Slc39a14;Cd34;Nfasc;Lgals3bp;Fkbp5;Gadd45b;Mt1;Usp18;Cdc42ep1;Rgl1;Mboat2;Brd2;Echdc3;Cdc42se1;Golga4;Cd14;Prkag2;Asxl1;Psat1;Mark3;Ndufa13;Irf9;Mog;Snrk;Cmpk2;Pdxdc1;Clcf1;Hap1;Ip6k1;Coq7;Kif5a;Olfm1;Tle1;Junb;Serpina3h;Amigo2;Foxp4;Iqsec1;Zfp503;Kif5c;Gbp2;Btbd3;Ampd3;Slc25a18;Cxcl10;Ergic3;Larp1b;Ntsr2;Slc1a4;Camta1;Akr7a5;Commd10;Unc13a;Efhd1;Pfkl;Cops6;Psmb8;Tmed2;Kctd1;Synpo;Pmm1;Midn;Znfx1;Ptn;Angptl4;Ptgr2;Rhof;Arl6ip1;Ctnna2;Eef2k;Sult1a1;Fam126a;Flot1;Def8;Rarg;Tmem33;Gbp5;Hlf;Neat1;Cstf2t;Cuedc2;Col23a1;Rdh5;Bmpr1a;Triobp;Pamr1;S1pr1;Cd302;Reep1;Mdk;Ndufc2;Farp1;Sirpa;Tspan33;Ttll9;Fgfr1;Nln;Ctnna1;Lcat;Arl5c;Marcks;Eif4g1;Bcl7a;Lrig1;Qdpr;Timp1;Dlg5;Asna1;Parp3;Ndufs7;Nrip3;Akap2;Lamc1;Kremen1;Btbd1;Ifi204;Ifit3;Icam1;Gpx3;Bcl3;Txndc16;Luzp2;Ablim2;Gnai2;Fus;Amt;Capn2;Vim;Mat2a;A4galt;Fat3;Tspan3;Rnf7;Mapk3;Bcl2l1;Pygb;Gja1;Mgll;Mbnl2;Mxra7;Pros1;Marco;Cdkn1a;Insig1;Atl2;Irak3;Entpd6;Efr3b;Sfxn1;Gnb5;Atp5g1;Lman2l;Sfxn5;Kcnc3;4930402h24rik;Aplnr;Ccnh;1700025g04rik;Enoph1;Mbp;Nit1;Paqr8;Xaf1;Agpat5;9530068e07rik;Lmf1;Cadm3;Calm1;Scg5;Tpt1;Bag1;Dbi;Aldh1l1;Ptprd;Nf2;Hspb1;Fam241a;Itm2c;Timp3;Tshz1;Ehd3;Ifitm3;Ergic1;Ifit2;Lrp1;Ggta1;Myoc;Arid5a;Slc44a1;Sgpp1;D3ertd751e;Steap3;Etfb;Ndst1;Cttn;Sertad3;Ywhae;Astn1;Adora1;Cmtm5;Eif4g3;Mapk4;Alpl;Plce1;Fnbp1l;Nfkbiz;Rfx3;Slc39a10;Tsc22d4;Tmem86a;Msn;Slc38a3;Olfml3;Rsad2;Sgce;Rpl41;Sycp3;Gprc5b;Amotl2;Stk25;P4ha1;Kank1;Chchd3;Ddc;Ccnd2;Tmco1;Plin4;Ahcyl1;Nudt4;Qk;Apoh;Wls;Macf1;Mcl1;Abl1;Arhgef4;Fos;Rhoj;Ralgds;Irf7;Rph3a;Fnta;Erf;Coro1c;Mia2;Chst2;Stxbp5l;Ifi27;Slc14a2;Eif2ak2;9-sep;Stat1;Ntm;Jam2;Rnf126;Ifit1;Atoh8;Gdf10;Sox2;Susd4;Mobp;Ppard;Ak4;Gab2;Cxcl12;Spp1;Cyp51;Tspan4;Pllp;Sdhc;Smox;Tnk2;Nipsnap2;Ccdc190;C1ra;Reep3;Tmem59;Stard7;Ramp1;Pmp2;D8ertd738e;Slc39a1;Retreg2;Spry2;Man2a2;Sccpdh;Gap43;Chpt1;Emp2,1.366859655,IPA;JASPAR-TRANSFAC;Chea,0.512195122,+,0.534391534,=,0,=,0
Stat4,Iqsec2;Rbm3;Trim9;Eif4g3;Plod2;Fth1;Anxa7;Slc39a10;Igtp;Ahnak;Timp1;Atp6v1a;Gadd45b;Mt1;Lamc1;Mboat2;Brd2;Icam1;Bcl3;Vldlr;Lcn2;Prdx2;Cebpd;Asxl1;Gnai2;Ccnd2;Icosl;Itih5;Vim;Clcf1;Mbnl2;Bcl2l1;Gja1;Tpi1;Il13ra1;Mcl1;Capn5;Pros1;Junb;Fos;Amigo2;Irf7;Erf;Atp5g1;Gbp2;Ifi27;Slc43a3;Cxcl10;Hspb6;Bst2;Fbxo2;Vdac2;Slc1a4;Camta1;Ifi47;Stat1;Psmb8;Calr;Ndufv2;Socs3;Midn;Scg5;Tpt1;Mvp;Mfhas1;Gfra1;Dbp;H2-d1;Ifitm3;Serping1;Cyp2d22;Ifit2;Flot1;Stat3;Sat1;Lrp1;Zc3hav1;Tmem33;Cic;Atf4;Ramp1;Gbp5;Gas5;Irf1;Iigp1;Arid5a;Bmpr1a;Slc39a1;Spcs2;Maff;Fkbp3;Fyco1;Etfb,0,IPA;Chea,0.12601626,+,0.76344086,+,0.76344086,+,0.76344086
Stat5b,Atp5g1;Mvp;Rbm3;Irgm1;Pltp;Sncb;Bcl3;Me1;Omg;Zfp503;Spp1;Susd4;Cdo1;Pcp4l1;Smad1;4930402h24rik;Senp8;Bcs1l;Cidea;Saa3;Ephx2;Rras;Anapc16;Ehd3;Ddc;Serping1;Ccnh;Tnfrsf1a;Ccnd2;Hspb6;C1ra;Fam126a;Slc39a10;Sat1;Capn2;Vhl;Arhgap21;Tmem59;Camta1;Itih5;Gpd1;Ifi47;Efhd1;Tspan31;Gbp5;Coq7;Irf1;Mbnl2;Ahnak;Bcl2l1;Cuedc2;Arid5a;Gsta4;Tspan7;Steap4;Rnf10;Mcl1;Cdkn1a;Etl4;Gadd45b;Tns2;Fos;Pmm1;Mtch1;Entpd6;Rpl4;Fam107a;Rasl10b;Socs3;Hdac7;Sgpp1;Scg5;Endou;Ralgds;Gdf10;Gnb5;Btbd1;Thrsp,0,IPA;JASPAR-TRANSFAC;,0.105691057,+,0.602564103,=,0,=,0
Stat6,Mprip;Ifit3;Bcl3;Cd109;Pllp;Hadh;Cd14;Gbp2;Myo6;Akap13;Tshz1;Cxcl10;Ccnd2;Ppp1r15a;Irf9;Fam126a;Stat3;Col1a1;Rfx3;Sqstm1;Tspan31;S100a11;Irf1;Arid5a;Bcl2l1;Tle1;Pnpla2;Macf1;Lgals3bp;Timp1;Fkbp5;Pros1;Mvk;Cdkn1a;Gadd45b;Tuba4a;Socs3;Akap2;Irf7,0,IPA;Chea,0.052845528,+,0.743589744,+,0.743589744,=,0
Tcf7,Wnk2;Lsr;Ywhae;Map1lc3b;Ptprn;Ctdsp2;Nap1l1;Slc25a5;Slc39a14;Bc005537;Nfkbiz;Slc39a10;Tsc22d4;Paqr7;Gpr179;S100a11;Arpc1b;Ucp2;Trim8;Ahnak;Bcl7a;Slc30a1;Tpm3;Sun2;Cox5a;Tns2;Parp3;Tspyl1;Fam129b;Nrip3;Tapbp;Lamc1;Slc35b2;Brd2;Fbxo31;Bcl3;Cebpd;Gnai2;Ccnd2;Tbc1d9b;Sbno2;Galr3;Mat2a;Sdc2;Mcl1;Capn5;Cdkn1a;Mvk;Junb;Atl2;Fos;Dusp4;Myo1c;Kpna3;Ralgds;Stim1;Erf;Mia2;Mafk;Zfp503;Myo18a;Endog;Smo;Calm3;Ppp1r15a;Eef1a1;Zbtb42;Fbxo2;Tom1;Camta1;Plxnd1;Rab33b;Unc13a;Map3k6;Zfp703;Tgm1;Kctd1;Atoh8;Calm1;Midn;Socs3;Zbtb16;Peg13;Hdac7;Tpt1;Vamp1;Sox2;Ppard;Rhof;Erbin;Dbp;Gng12;Spp1;Tspan4;Fndc5;Aspg;Tshz1;Hip1;Sema3g;Flot1;Reep3;Rarg;Lrtm2;Cic;Wfs1;Atf4;Polr3h;Neat1;Gse1;Gt(rosa)26sor;Arid5a;Cuedc2;Rdh5;Fuz;Ptp4a2;Prkcd;S1pr1;Mdk;Maff;Kctd10,0,IPA;Chea,0.162601626,+,0.741666667,+,0.741666667,=,0
Tcf7l2,Erf;Mobp;Agap3;Adora1;Camk2n1;Sc5d;Me1;Spp1;Txndc16;Plod2;Apod;Dhrs7;Prkag2;Myo6;Lgi3;Akap13;Ctnna1;Entpd5;Hip1;Eps15;Carhsp1;Fth1;Dbndd2;Ddc;Tppp;Slc39a14;Ccnd2;Ppp1r15a;Tmco1;Ccp110;Mog;Reep3;Tom1;Nfasc;Nudt4;Vdac2;Stat1;Exd2;Ppp1r9b;Qk;Crispld2;Slc30a1;Sdc2;Mgll;Slc44a1;Cdkn1a;Prkcd;Enpp2;Junb;Parp3;Fads2;Ppa2;Amotl2;Ralgds;Lamc1;Tst;Sox2,0,IPA;Chea,0.077235772,+,0.526315789,=,0,=,0
Tle1,Mcl1;Fos;Nupr1,1.732215701,IPA,0.004065041,+,1,+,1,+,1
Tp53,Rbm3;Tspan6;Ptprn;Spen;Rdh12;Anapc16;Fth1;Col1a1;Igtp;Msx1;Arhgap21;Tnr;Slc4a8;S100a6;Gpr179;Eif1;Exd2;Slc13a3;Crispld2;Ahnak;Slc30a1;Cyc1;Atp6v1a;Sun2;Oasl2;Metrn;Gpm6a;Laptm4a;Vldlr;Cyr61;Apod;Dhrs7;Cebpd;Cnr1;Icosl;Itih5;Mgat3;Adam15;Fbln5;Rhobtb3;Il13ra1;Gpx1;Etl4;Mvk;Gria1;Enpp2;Tmc7;Rtn2;Padi2;Camk2n1;Mafk;Me1;Cd109;Endog;Slc43a3;C1ql1;Ephx2;Hey2;Anapc4;Vdac2;Lgals1;Igfbp4;Ednrb;Calr;Ndufv2;Tmsb4x;Socs3;Tgm2;Mvp;Erbin;Gfra1;Gng12;Eps15;Serping1;Stat3;Zc3hav1;Cic;Wfs1;Atf4;Irf1;Osmr;Spcs2;Msrb1;Fkbp3;Asrgl1;Adcyap1r1;Cacna2d3;Hadh;Plod2;Nap1l1;Senp8;Akap13;Shisa9;Nupr1;Saa3;Zyx;Carhsp1;Slc39a14;Ezr;Prkag1;Arpc1b;Lrrc8a;Lgals3bp;Lrg1;Fkbp5;Gadd45b;Rgl1;Lrrc59;Slc35b2;Brd2;Golga4;Frem2;Cd14;Prkag2;Prdx2;Asxl1;Mark3;Hjurp;Psat1;Mylk;Ndufa13;Irf9;Mog;Snrk;Kcna1;Cmpk2;Pdxdc1;Ndufa11;Negr1;Ip6k1;Olfm1;Tle1;Junb;Psd2;Amigo2;Slc22a4;Cnn3;Iqsec1;Lgals3;Naxd;Myo18a;Zfp503;Kif5c;Dhrs7b;Fkbp9;Btbd3;Ampd3;Slc25a18;Cxcl10;Ergic3;Tnfrsf1a;Hspb6;Capg;Ntsr2;Camta1;Efhd1;Cops6;Col4a2;Rnf10;Tmed2;Kctd1;Synpo;Pmm1;Midn;Znfx1;Ptn;Angptl4;Serpina3n;Eef1a2;Rhof;Srr;Arl6ip1;Eef2k;Ctnna2;Sult1a1;Flot1;Erp29;Gbp5;Neat1;Gse1;Cstf2t;Col23a1;Bmpr1a;C4b;Ptp4a2;Prkcd;Triobp;Pamr1;Reep1;Mdk;Ndufc2;Farp1;Sirpa;Tspan33;Ttll9;Mprip;Lsr;Hdac2;Ypel3;Ctdsp2;Fgfr1;Nln;Phgdh;Ctnna1;Vhl;Serpina3m;Lcat;Arl5c;Eif4g1;Bcl7a;Qdpr;Tnfrsf12a;Timp1;Dlg5;Asna1;Parp3;Vta1;Ndufs7;Adcy2;Akap2;Kremen1;Sbsn;Ifi204;Ifit3;Icam1;Slc35a2;Gpx3;Bcl3;Idh2;Txndc16;Gnai2;Ece2;Capn2;Vim;Mat2a;Dhrs1;Fat3;Mbnl2;Mapk3;Bcl2l1;Gja1;Hr;Mgll;Mxra7;Pros1;Marco;Cdkn1a;Capn5;Gbp3;Irak3;Dusp4;Entpd6;Myo1c;Fam120c;Gnb5;Stim1;Lman2l;Tubb4a;Kcnc3;Taldo1;Aplnr;Tinagl1;Mbp;Zbtb42;Fbxo2;E2f5;Plxnd1;Xaf1;Txndc15;Agpat5;Tgm1;Snx5;Mlh3;Cadm3;Tmem205;Calm1;Zbtb16;Ctsl;Gpd1;Bag1;Dbi;Aldh1l1;Ptprd;Nf2;Snapc2;Hspb1;Chid1;Shisa5;Urb1;Dhcr7;Arhgap5;Timp3;Lgi3;Tshz1;Ehd3;Ergic1;Ifit2;Sat1;Lrp1;Ggta1;Slc5a3;Gt(rosa)26sor;Vgll3;Haghl;Fads2;Rpl4;Sgpp1;Ppa2;Steap3;Kctd10;Fam107a;Ndst1;Sertad3;Cmtm5;Trim9;Eif4g3;Mapk4;Rras;Nfkbiz;Rfx3;Msn;Tpm3;Cox5a;Rpl41;Fam129b;Amotl2;Gjb2;Stk25;P4ha1;Pltp;Kank1;Cltb;Glipr2;Ddc;Ccnd2;Tmco1;Sqle;Pnpla2;Mcl1;Abl1;Arhgef4;Fos;Ralgds;Irf7;Rph3a;Erf;Coro1c;Mia2;Chst2;Myo6;Slc14a2;Bst2;Eif2ak2;Eef1a1;Tom1;Map3k6;Stat1;Ppp1r1b;Ifit1;Arl6ip4;Rpsa;Fmc1;Sox2;Susd4;Ppard;Ak4;Gab2;Slc6a8;Sorbs1;Dbp;Cxcl12;Spp1;Ctxn1;Tspan4;Sdhc;Smox;Sqstm1;1700086o06rik;Pmp2;Paqr6;D8ertd738e;Usp24;Fuz;Slc39a1;Man2a2;Gap43;Cp,0,IPA;JASPAR-TRANSFAC;Chea,0.524390244,+,0.620155039,=,0,=,0
Usf2,Cttn;Lsr;Egln2;Ptprn;Spen;Eif4g3;Plod2;Bcs1l;Alpl;Nupr1;Plce1;Fth1;Lxn;Slc39a14;Tppp;G6pc3;Rcan2;Msn;Col16a1;S100a6;Arpc1b;Ucp2;Slc13a3;Crispld2;Eif4g1;Mamstr;Slc30a1;Lgals3bp;Fkbp5;Atp6v1a;Cox5a;Gadd45b;Apln;Usp18;Ndufs7;Gprc5b;Tspyl1;Fam129b;Nrip3;Sbsn;Lrrc59;Btbd1;P4ha1;Kank1;Brd2;Ldha;Echdc3;Slc35a2;Prkag2;Ddc;Ccnd2;Irf9;Ece2;Amt;Hinfp;Galr3;Tceal3;Mgat3;Cmpk2;Ndufa11;Hap1;Ip6k1;Mapk3;Olfm1;Pygb;Wls;Mgll;Pnpla2;Mcl1;Gbp3;Cdkn1a;Atp6ap1;Irak3;Slc7a10;Entpd6;Tmc7;Myo1c;Fam120c;Ralgds;Efr3b;Slc25a34;Gnb5;Pigs;Smg5;Iqsec1;Camk2n1;Mafk;Naxd;8-mar;Pcp4l1;Gbp2;Ampd3;Ephx2;Ndufb10;Anapc4;Eif2ak2;Nit1;9-sep;Tmem147;Osgep;Igfbp4;Ednrb;Agpat5;Snx5;Ppp1r1b;Ndufv2;Calr;Tmsb4x;Ifit1;Arl6ip4;Dnm1;Hdac7;Tgm2;Znfx1;Tpt1;Bag1;Ptprd;Thrsp;Agap3;Hspb1;Ak4;Chid1;Tead3;Dbp;Gfra1;Adamtsl2;Spp1;Tecr;Map7d1;Eps15;Eef2k;Pick1;Sqstm1;Ncan;Gbp5;Myoc;Tm9sf3;Polr3h;Slc5a3;Cuedc2;Rtp4;Haghl;Retreg2;Ptp4a2;Spcs2;Triobp;Pamr1;Fads2;Tuba4a;Sgpp1;Ppa2;Maff;Fyco1;Cp;Eif3f,0,IPA;JASPAR-TRANSFAC;,0.2100271,+,0.55483871,=,0,=,0
Vhl,Atf4;Vim;Rhof;Ifitm3;Fth1;Bcl2l1;Cxcl12;Ahcyl1;Nrep;Gpx1;Cdkn1a,-0.890405659,IPA,0.014905149,+,0.818181818,+,0.818181818,+,0.818181818
Yap1,Ndst1;Wnk2;Ywhae;Eif4g3;Fgfr1;Akap13;Ctnna1;Nupr1;Plce1;Carhsp1;Fth1;Bc005537;Rfx3;Slc39a10;Arhgap21;S100a6;Ucp2;Crispld2;Marcks;Hacd3;Lrig1;Cyc1;Cox5a;Gadd45b;Amotl2;Rgl1;Akap2;Lrrc59;Kank1;Brd2;Icam1;Fbxo31;Idh2;Luzp2;Cyr61;Frem2;Prdx2;Chchd3;Mylk;Ccnd2;Tbc1d9b;Fus;Nudt4;Negr1;Vim;Fbln5;Ppp1r9b;Fat3;Mbnl2;Bcl2l1;Olfm1;Pgm5;Mtmr3;Macf1;Mcl1;Pros1;Marco;Cdkn1a;Etl4;Gria1;Fos;Dusp4;Kpna3;Rph3a;Cnn3;Iqsec1;Mafk;Naxd;Sfxn5;Cd109;Zfp503;Myo18a;Chst2;Gbp2;Ampd3;Slc14a2;Ccnh;1700025g04rik;Eef1a1;Mbp;Slc1a4;Camta1;Paqr8;Zfp703;Col4a2;Rnf10;9530068e07rik;Ppp1r1b;Calr;Tmsb4x;Ptn;Rasgrf2;Ptprd;Sox2;Nf2;Sv2b;Fam241a;Mfhas1;Erbin;Gng12;Sc5d;Spp1;Tmem135;Tshz1;Eps15;Eef2k;Ctnna2;Sema3g;Sat1;Stat3;Tmem33;Ptdss1;Oasl1;Gse1;Col23a1;Spry2;Gap43;Reep1;Ppa2;Farp1;Steap3;Asrgl1;Emp2,0,IPA;Chea,0.166666667,+,0.699186992,+,0.699186992,=,0
Zbtb16,Cxcl10;Zbtb16;Nfkbiz;Eif2ak2;Spp1;Tmem176b;Col1a1;Cd34;Rarg;Cdkn1a;Cd14,1.47192898,IPA,0.014905149,+,0.909090909,+,0.909090909,+,0.909090909
Znf148,Snapc2;Eef1a2;Ak4;Rhof;Padi2;Tspan6;Slc6a8;Rnps1;Tead3;Cxcl12;Bcl3;Tmem176b;Mrpl41;Lcn2;Ctxn1;Tspan4;Tst;Prkag2;Tnk2;Aspg;Tinagl1;Ablim2;Carhsp1;Gnai2;Serping1;Dbndd2;Tppp;Tnfrsf1a;Hspb6;Ccnd2;Ergic1;Flot1;Eef1a1;Sbno2;Mbp;Col1a1;9-sep;Rarg;Cic;Itih5;Mgat3;Col16a1;Plxnd1;Vim;Lgals1;Prkag1;Stat1;Fbln5;Slc38a3;Ppp1r9b;Eif4g1;Bcl2l1;Mamstr;Hr;Haghl;Lrrc8a;Plekhm2;Timp1;Tgm1;Capn5;Ppp1r1b;Cdkn1a;Tns2;Tmsb4x;Cadm3;Calm1;Tspyl2;Myo1c;Midn;Zbtb16;Gprc5b;Cdc42ep1;Adcyap1r1;Adcy2;Slc25a34;Sbsn,0,IPA;JASPAR-TRANSFAC;,0.10298103,+,0.75,+,0.75,=,0
